	num_instances	performance
0	100	0.3747719582049658
1	200	0.4334769791596516
2	300	0.4512196269266996
3	400	0.4250472184723343
4	500	0.4386374566668897
5	600	0.43727780749012124
6	700	0.5163796618078654
7	800	0.5246867516141258
