	num_instances	performance
0	30	0.022222222222222223
1	70	0.08076923076923077
2	110	0.06153846153846153
3	150	0.09487179487179487
4	190	0.0641025641025641
5	230	0.16743589743589743
6	270	0.10895104895104894
7	310	0.20566544566544565
8	350	0.23905271199388847
9	390	0.3043650793650794
10	400	0.3129120879120879
