	num_instances	performance
0	30	0.6458659394395474
1	45	0.7008470263394659
2	60	0.7233379873534448
3	75	0.7491904213395442
4	90	0.7476288656113217
5	105	0.729188123060672
6	120	0.71534906317515
7	135	0.6934992271338573
8	150	0.7240740500459918
9	165	0.7357811616583547
10	180	0.7016685242098039
11	195	0.7165498631014403
12	210	0.7475393832746773
13	225	0.7373000637665017
14	240	0.7519220490128419
15	255	0.7583174219768422
