	num_instances	performance
0	30	0.8800000000000001
1	50	0.9
2	70	0.8860000000000001
3	90	0.882
4	110	0.8860000000000001
5	130	0.8860000000000001
6	150	0.8960000000000001
7	170	0.9
8	190	0.892
9	210	0.906
10	230	0.906
11	250	0.892
12	270	0.8960000000000001
13	290	0.8960000000000001
14	310	0.9120000000000001
15	330	0.898
16	350	0.8899999999999999
17	370	0.898
18	390	0.882
19	400	0.884
