	num_instances	performance
0	100	0.7760843213653369
1	200	0.8536183133251566
2	300	0.8902690706259051
3	400	0.910642512497789
4	500	0.9305792673263451
5	600	0.9299177443429592
6	700	0.939267604581759
7	800	0.9422822098612071
