	num_instances	performance
0	100	0.32389434158933295
1	200	0.36810364231737885
2	300	0.43118140793105153
3	400	0.4461526356064023
4	500	0.42317275141405064
5	600	0.43301603805584765
6	700	0.46643046272413924
7	800	0.5006423744222182
