	num_instances	performance
0	100	0.582864995242161
1	200	0.6249630122539561
2	300	0.6880427645041877
3	400	0.67085427893696
4	500	0.7063771696347203
5	600	0.7004216192903991
6	700	0.7117630429625539
7	800	0.7213544637628024
