	num_instances	performance
0	30	0.5418181818181818
1	45	0.6199999999999999
2	60	0.7151515151515151
3	75	0.6133333333333333
4	90	0.5766899766899767
5	105	0.5595959595959596
6	120	0.5979797979797981
7	135	0.5551515151515152
8	150	0.5195959595959596
9	165	0.45999999999999996
10	180	0.4111111111111111
11	195	0.45
12	210	0.45714285714285713
