	num_instances	performance
0	30	0.1532461873638344
1	80	0.11825089605734766
2	130	0.14534391534391533
3	180	0.1593167701863354
4	230	0.21924001924001923
5	280	0.26116402116402115
6	330	0.2735005574136009
7	380	0.3645581303961416
8	400	0.35452107279693484
