{
        "word_embedding": "flair",
        "neural network": "rnn",
        "dataset": "../data/SST-2/tsv/1000_90_10",
        "learning_rate": 0.1,
        "max epoch": 100,
        "mini batch size": 16,
        "seed": 5,
        "performance_measure": "g-mean"
}{
     "0": {
          "precision": 0.5,
          "recall": 0.2,
          "f1-score": 0.28571428571428575,
          "support": 20
     },
     "1": {
          "precision": 0.9166666666666666,
          "recall": 0.9777777777777777,
          "f1-score": 0.946236559139785,
          "support": 180
     },
     "accuracy": 0.9,
     "macro avg": {
          "precision": 0.7083333333333333,
          "recall": 0.5888888888888889,
          "f1-score": 0.6159754224270354,
          "support": 200
     },
     "weighted avg": {
          "precision": 0.875,
          "recall": 0.9,
          "f1-score": 0.8801843317972352,
          "support": 200
     }
}{
 "runtime": 90.18280645646155
}{
     "0": {
          "precision": 0.25,
          "recall": 0.05,
          "f1-score": 0.08333333333333334,
          "support": 20
     },
     "1": {
          "precision": 0.9030612244897959,
          "recall": 0.9833333333333333,
          "f1-score": 0.9414893617021276,
          "support": 180
     },
     "accuracy": 0.89,
     "macro avg": {
          "precision": 0.5765306122448979,
          "recall": 0.5166666666666666,
          "f1-score": 0.5124113475177304,
          "support": 200
     },
     "weighted avg": {
          "precision": 0.8377551020408163,
          "recall": 0.89,
          "f1-score": 0.8556737588652481,
          "support": 200
     }
}{
 "runtime": 90.53390562161803
}{
     "0": {
          "precision": 0.0,
          "recall": 0.0,
          "f1-score": 0.0,
          "support": 20
     },
     "1": {
          "precision": 0.8984771573604061,
          "recall": 0.9833333333333333,
          "f1-score": 0.9389920424403183,
          "support": 180
     },
     "accuracy": 0.885,
     "macro avg": {
          "precision": 0.44923857868020306,
          "recall": 0.49166666666666664,
          "f1-score": 0.46949602122015915,
          "support": 200
     },
     "weighted avg": {
          "precision": 0.8086294416243655,
          "recall": 0.885,
          "f1-score": 0.8450928381962864,
          "support": 200
     }
}{
 "runtime": 85.36294930800796
}{
     "0": {
          "precision": 0.5714285714285714,
          "recall": 0.2,
          "f1-score": 0.29629629629629634,
          "support": 20
     },
     "1": {
          "precision": 0.917098445595855,
          "recall": 0.9833333333333333,
          "f1-score": 0.9490616621983914,
          "support": 180
     },
     "accuracy": 0.905,
     "macro avg": {
          "precision": 0.7442635085122131,
          "recall": 0.5916666666666667,
          "f1-score": 0.6226789792473438,
          "support": 200
     },
     "weighted avg": {
          "precision": 0.8825314581791265,
          "recall": 0.905,
          "f1-score": 0.8837851256081818,
          "support": 200
     }
}{
 "runtime": 87.41536402516067
}{
     "0": {
          "precision": 0.2,
          "recall": 0.05,
          "f1-score": 0.08000000000000002,
          "support": 20
     },
     "1": {
          "precision": 0.9025641025641026,
          "recall": 0.9777777777777777,
          "f1-score": 0.9386666666666666,
          "support": 180
     },
     "accuracy": 0.885,
     "macro avg": {
          "precision": 0.5512820512820513,
          "recall": 0.5138888888888888,
          "f1-score": 0.5093333333333333,
          "support": 200
     },
     "weighted avg": {
          "precision": 0.8323076923076923,
          "recall": 0.885,
          "f1-score": 0.8528,
          "support": 200
     }
}{
 "runtime": 97.58824180439115
}{
     "1": 0.5,
     "2": 0.35716476123305707,
     "3": 0.295,
     "4": 0.5018881017384917,
     "5": 0.35546917353454627
}{
 "overall_perf": 0.401904407301219
}