	num_instances	performance
0	100	0.650564684001699
1	200	0.6996807609484277
2	300	0.7309617564127671
3	400	0.7550377419208246
4	500	0.7627410318223359
5	600	0.7884684132144492
6	700	0.7952376767674372
7	800	0.7878225603489715
