	num_instances	performance
0	100	0.5427160631860806
1	200	0.5566541579188329
2	300	0.584385014286708
3	400	0.629156870767065
4	500	0.649338735997408
5	600	0.6598051959176365
6	700	0.6798444090284363
7	800	0.7072080280670339
