	num_instances	performance
0	100	0.33182601415749857
1	200	0.3242711780663593
2	300	0.32494830769426913
3	400	0.33013841135964067
4	500	0.3331988963682476
5	600	0.36608577068003034
6	700	0.38270471217863156
7	800	0.4850664841677325
8	900	0.42037624426637327
9	1000	0.4389965742306904
10	1100	0.42997017341430155
11	1200	0.41512782125942416
12	1300	0.47318345731957123
13	1400	0.4522427608193483
14	1500	0.39447958046649906
15	1600	0.4217271252441995
