	num_instances	performance
0	100	0.5941949538625269
1	200	0.6126311914306068
2	300	0.6630565813503212
3	400	0.6975115989939746
4	500	0.710571996976805
5	600	0.699858829158309
6	700	0.7083477033787158
7	800	0.7330720589482043
