	num_instances	performance
0	100	0.5357565658599327
1	200	0.5412372860841577
2	300	0.5597260601201237
3	400	0.5788378042894284
4	500	0.5972239254941274
5	600	0.5882796955005227
6	700	0.6058690836583145
7	800	0.5952585541569091
