	num_instances	performance
0	100	0.5813804219605677
1	200	0.624314976585796
2	300	0.6768736223375464
3	400	0.6962505950295892
4	500	0.7344680526447639
5	600	0.7274635258686799
6	700	0.7584382607998155
7	800	0.7567422851895668
