	num_instances	performance
0	100	0.6528008566917578
1	200	0.7168589012213009
2	300	0.7263824762084747
3	400	0.7395013600249347
4	500	0.7352012604855008
5	600	0.7298901461894134
6	700	0.7511397033539565
7	800	0.7290486928532769
