{
        "word_embedding": "glove",
        "neural network": "rnn",
        "dataset": "../data/SST-2/tsv/1000_70_30",
        "learning_rate": 0.15,
        "max epoch": 100,
        "mini batch size": 16,
        "seed": 5,
        "performance_measure": "g-mean"
}{
     "0": {
          "precision": 0.6956521739130435,
          "recall": 0.5333333333333333,
          "f1-score": 0.6037735849056605,
          "support": 60
     },
     "1": {
          "precision": 0.8181818181818182,
          "recall": 0.9,
          "f1-score": 0.8571428571428572,
          "support": 140
     },
     "accuracy": 0.79,
     "macro avg": {
          "precision": 0.7569169960474309,
          "recall": 0.7166666666666667,
          "f1-score": 0.7304582210242588,
          "support": 200
     },
     "weighted avg": {
          "precision": 0.7814229249011858,
          "recall": 0.79,
          "f1-score": 0.7811320754716982,
          "support": 200
     }
}{
 "runtime": 29.17861240915954
}{
     "0": {
          "precision": 0.6521739130434783,
          "recall": 0.5,
          "f1-score": 0.5660377358490566,
          "support": 60
     },
     "1": {
          "precision": 0.8051948051948052,
          "recall": 0.8857142857142857,
          "f1-score": 0.8435374149659864,
          "support": 140
     },
     "accuracy": 0.77,
     "macro avg": {
          "precision": 0.7286843591191418,
          "recall": 0.6928571428571428,
          "f1-score": 0.7047875754075215,
          "support": 200
     },
     "weighted avg": {
          "precision": 0.7592885375494072,
          "recall": 0.77,
          "f1-score": 0.7602875112309075,
          "support": 200
     }
}{
 "runtime": 30.713837932795286
}{
     "0": {
          "precision": 0.75,
          "recall": 0.65,
          "f1-score": 0.6964285714285715,
          "support": 60
     },
     "1": {
          "precision": 0.8581081081081081,
          "recall": 0.9071428571428571,
          "f1-score": 0.8819444444444444,
          "support": 140
     },
     "accuracy": 0.83,
     "macro avg": {
          "precision": 0.8040540540540541,
          "recall": 0.7785714285714286,
          "f1-score": 0.7891865079365079,
          "support": 200
     },
     "weighted avg": {
          "precision": 0.8256756756756757,
          "recall": 0.83,
          "f1-score": 0.8262896825396825,
          "support": 200
     }
}{
 "runtime": 33.16987033560872
}{
     "0": {
          "precision": 0.75,
          "recall": 0.55,
          "f1-score": 0.6346153846153847,
          "support": 60
     },
     "1": {
          "precision": 0.8269230769230769,
          "recall": 0.9214285714285714,
          "f1-score": 0.8716216216216216,
          "support": 140
     },
     "accuracy": 0.81,
     "macro avg": {
          "precision": 0.7884615384615384,
          "recall": 0.7357142857142858,
          "f1-score": 0.7531185031185031,
          "support": 200
     },
     "weighted avg": {
          "precision": 0.8038461538461539,
          "recall": 0.81,
          "f1-score": 0.8005197505197504,
          "support": 200
     }
}{
 "runtime": 32.520276395604014
}{
     "0": {
          "precision": 0.631578947368421,
          "recall": 0.6,
          "f1-score": 0.6153846153846154,
          "support": 60
     },
     "1": {
          "precision": 0.8321678321678322,
          "recall": 0.85,
          "f1-score": 0.8409893992932862,
          "support": 140
     },
     "accuracy": 0.775,
     "macro avg": {
          "precision": 0.7318733897681267,
          "recall": 0.725,
          "f1-score": 0.7281870073389508,
          "support": 200
     },
     "weighted avg": {
          "precision": 0.7719911667280088,
          "recall": 0.775,
          "f1-score": 0.7733079641206849,
          "support": 200
     }
}{
 "runtime": 36.71115211211145
}{
     "1": 0.7129048557369584,
     "2": 0.6885491994040803,
     "3": 0.7768710133790367,
     "4": 0.7319543311280717,
     "5": 0.7232738070744716
}{
 "overall_perf": 0.7267106413445237
}