	num_instances	performance
0	100	0.5744663518108925
1	200	0.6438908272203913
2	300	0.6704123647605952
3	400	0.6913547572911906
4	500	0.6970004950830504
5	600	0.7137407783881802
6	700	0.7209183828979379
7	800	0.704156544710635
