	num_instances	performance
0	100	0.5081062489694751
1	200	0.5451673404225704
2	300	0.5592776231986806
3	400	0.56660093480024
4	500	0.5471263507181789
5	600	0.5634970457726243
6	700	0.5818471754700407
7	800	0.5848975674099972
