{
        "word_embedding": "flair",
        "neural network": "rnn",
        "dataset": "../data/SST-2/tsv/1000_70_30",
        "learning_rate": 0.1,
        "max epoch": 100,
        "mini batch size": 16,
        "seed": 5,
        "performance_measure": "g-mean"
}{
     "0": {
          "precision": 0.65,
          "recall": 0.65,
          "f1-score": 0.65,
          "support": 60
     },
     "1": {
          "precision": 0.85,
          "recall": 0.85,
          "f1-score": 0.85,
          "support": 140
     },
     "accuracy": 0.79,
     "macro avg": {
          "precision": 0.75,
          "recall": 0.75,
          "f1-score": 0.75,
          "support": 200
     },
     "weighted avg": {
          "precision": 0.79,
          "recall": 0.79,
          "f1-score": 0.79,
          "support": 200
     }
}{
 "runtime": 54.15126631595194
}{
     "0": {
          "precision": 0.7391304347826086,
          "recall": 0.5666666666666667,
          "f1-score": 0.6415094339622641,
          "support": 60
     },
     "1": {
          "precision": 0.8311688311688312,
          "recall": 0.9142857142857143,
          "f1-score": 0.8707482993197279,
          "support": 140
     },
     "accuracy": 0.81,
     "macro avg": {
          "precision": 0.7851496329757199,
          "recall": 0.7404761904761905,
          "f1-score": 0.756128866640996,
          "support": 200
     },
     "weighted avg": {
          "precision": 0.8035573122529643,
          "recall": 0.81,
          "f1-score": 0.8019766397124887,
          "support": 200
     }
}{
 "runtime": 55.08123192936182
}{
     "0": {
          "precision": 0.8627450980392157,
          "recall": 0.7333333333333333,
          "f1-score": 0.7927927927927927,
          "support": 60
     },
     "1": {
          "precision": 0.8926174496644296,
          "recall": 0.95,
          "f1-score": 0.9204152249134949,
          "support": 140
     },
     "accuracy": 0.885,
     "macro avg": {
          "precision": 0.8776812738518227,
          "recall": 0.8416666666666666,
          "f1-score": 0.8566040088531438,
          "support": 200
     },
     "weighted avg": {
          "precision": 0.8836557441768653,
          "recall": 0.885,
          "f1-score": 0.8821284952772842,
          "support": 200
     }
}{
 "runtime": 59.13244130089879
}{
     "0": {
          "precision": 0.8095238095238095,
          "recall": 0.5666666666666667,
          "f1-score": 0.6666666666666666,
          "support": 60
     },
     "1": {
          "precision": 0.8354430379746836,
          "recall": 0.9428571428571428,
          "f1-score": 0.8859060402684563,
          "support": 140
     },
     "accuracy": 0.83,
     "macro avg": {
          "precision": 0.8224834237492465,
          "recall": 0.7547619047619047,
          "f1-score": 0.7762863534675615,
          "support": 200
     },
     "weighted avg": {
          "precision": 0.8276672694394214,
          "recall": 0.83,
          "f1-score": 0.8201342281879195,
          "support": 200
     }
}{
 "runtime": 63.504455499351025
}{
     "0": {
          "precision": 0.7037037037037037,
          "recall": 0.6333333333333333,
          "f1-score": 0.6666666666666667,
          "support": 60
     },
     "1": {
          "precision": 0.8493150684931506,
          "recall": 0.8857142857142857,
          "f1-score": 0.8671328671328671,
          "support": 140
     },
     "accuracy": 0.81,
     "macro avg": {
          "precision": 0.7765093860984271,
          "recall": 0.7595238095238095,
          "f1-score": 0.7668997668997669,
          "support": 200
     },
     "weighted avg": {
          "precision": 0.8056316590563165,
          "recall": 0.81,
          "f1-score": 0.8069930069930069,
          "support": 200
     }
}{
 "runtime": 67.79626857116818
}{
     "1": 0.7489325737341113,
     "2": 0.7372051468698713,
     "3": 0.8405504149068037,
     "4": 0.7510025045928688,
     "5": 0.7578446881971077
}{
 "overall_perf": 0.7671070656601525
}{
 "overall_runtime": 59.933132723346354
}