	num_instances	performance
0	100	0.3660889886024076
1	200	0.4434567887890791
2	300	0.5075082970554037
3	400	0.5197307736654249
4	500	0.5877817708997094
5	600	0.5876739948870752
6	700	0.5764433030783738
7	800	0.5800751341453327
