	num_instances	performance
0	100	0.5037371756876381
1	200	0.5379055995090253
2	300	0.5607675954800306
3	400	0.5596813953218924
4	500	0.5623733692722395
5	600	0.559860852018683
6	700	0.5889924551721157
7	800	0.5911258500717651
