	num_instances	performance
0	100	0.5359958097205981
1	200	0.5578078893737499
2	300	0.5552821021487224
3	400	0.5726190578484114
4	500	0.5732708119468991
5	600	0.5641430029754035
6	700	0.5778856345712904
7	800	0.5892459505572951
