	num_instances	performance
0	100	0.46804509015847523
1	200	0.4762867289809412
2	300	0.5050962284716998
3	400	0.5068953618438277
4	500	0.5199996816200791
5	600	0.5389157218992081
6	700	0.561972887533966
7	800	0.5688369426686044
