{
         "word_embedding": "bert",
         "document_embedding": "Transformer_eng",
         "neural network": "rnn",
         "dataset": "../data/SST-2/tsv/original/filtered",
         "learning_rate": 0.1,
         "max epoch": 100,
         "mini batch size": 16,
         "seed": 5,
         "performance_measure": "g-mean"
}{
     "0": {
          "precision": 0.927004797806717,
          "recall": 0.9098553649512278,
          "f1-score": 0.9183500254625702,
          "support": 5946
     },
     "1": {
          "precision": 0.9295293189587168,
          "recall": 0.9431696905016008,
          "f1-score": 0.9362998278373725,
          "support": 7496
     },
     "accuracy": 0.9284332688588007,
     "macro avg": {
          "precision": 0.9282670583827168,
          "recall": 0.9265125277264143,
          "f1-score": 0.9273249266499713,
          "support": 13442
     },
     "weighted avg": {
          "precision": 0.92841260992957,
          "recall": 0.9284332688588007,
          "f1-score": 0.9283598244955652,
          "support": 13442
     }
}{
 "runtime": 5001.536066100001
}{
     "0": {
          "precision": 0.9352941176470588,
          "recall": 0.9093355761143819,
          "f1-score": 0.922132196162047,
          "support": 5945
     },
     "1": {
          "precision": 0.9296528321587053,
          "recall": 0.9501133786848073,
          "f1-score": 0.9397717527541395,
          "support": 7497
     },
     "accuracy": 0.9320785597381342,
     "macro avg": {
          "precision": 0.932473474902882,
          "recall": 0.9297244773995945,
          "f1-score": 0.9309519744580932,
          "support": 13442
     },
     "weighted avg": {
          "precision": 0.9321478062866819,
          "recall": 0.9320785597381342,
          "f1-score": 0.9319702973204249,
          "support": 13442
     }
}{
 "runtime": 5078.746789092198
}{
     "0": {
          "precision": 0.9154088571902471,
          "recall": 0.9283431455004205,
          "f1-score": 0.9218306330382495,
          "support": 5945
     },
     "1": {
          "precision": 0.9425333872925941,
          "recall": 0.9319727891156463,
          "f1-score": 0.9372233400402415,
          "support": 7497
     },
     "accuracy": 0.9303675048355899,
     "macro avg": {
          "precision": 0.9289711222414205,
          "recall": 0.9301579673080334,
          "f1-score": 0.9295269865392455,
          "support": 13442
     },
     "weighted avg": {
          "precision": 0.9305370079250554,
          "recall": 0.9303675048355899,
          "f1-score": 0.9304155998879694,
          "support": 13442
     }
}{
 "runtime": 5006.331467660144
}{
     "0": {
          "precision": 0.918721305900357,
          "recall": 0.9088309503784693,
          "f1-score": 0.9137493658041602,
          "support": 5945
     },
     "1": {
          "precision": 0.9283163602698056,
          "recall": 0.9362411631319194,
          "f1-score": 0.9322619205737813,
          "support": 7497
     },
     "accuracy": 0.9241184347567326,
     "macro avg": {
          "precision": 0.9235188330850813,
          "recall": 0.9225360567551943,
          "f1-score": 0.9230056431889708,
          "support": 13442
     },
     "weighted avg": {
          "precision": 0.9240727508198449,
          "recall": 0.9241184347567326,
          "f1-score": 0.9240743638035538,
          "support": 13442
     }
}{
 "runtime": 5023.44205740653
}{
     "0": {
          "precision": 0.9123711340206185,
          "recall": 0.9229604709840202,
          "f1-score": 0.9176352537837611,
          "support": 5945
     },
     "1": {
          "precision": 0.9383414108777598,
          "recall": 0.9297052154195011,
          "f1-score": 0.9340033500837521,
          "support": 7497
     },
     "accuracy": 0.9267222139562565,
     "macro avg": {
          "precision": 0.9253562724491892,
          "recall": 0.9263328432017607,
          "f1-score": 0.9258193019337566,
          "support": 13442
     },
     "weighted avg": {
          "precision": 0.926855523664867,
          "recall": 0.9267222139562565,
          "f1-score": 0.9267642240233855,
          "support": 13442
     }
}{
 "runtime": 5030.580547444522
}{
     "1": 0.9265105367924813,
     "2": 0.9297214971013054,
     "3": 0.9301579437066788,
     "4": 0.9225346996689521,
     "5": 0.9263327613685448
}{
 "overall_perf": 0.9270514877275925
}{
 "overall_runtime": 5028.127385540679
}