	num_instances	performance
0	100	0.5888152528264192
1	200	0.6379781303968904
2	300	0.6854255612195022
3	400	0.7132995390803838
4	500	0.7347251681860476
5	600	0.7426425470443851
6	700	0.7426787191089315
7	800	0.7487843596342845
