	num_instances	performance
0	100	0.4457245864431939
1	200	0.42384325990515165
2	300	0.5217422734882458
3	400	0.49188610957781675
4	500	0.4994578794721803
5	600	0.551609177902034
6	700	0.6064213622755079
7	800	0.5246793556303204
