	num_instances	performance
0	100	0.5226229227352238
1	200	0.5435102992191323
2	300	0.5370521505435543
3	400	0.5636232943799779
4	500	0.560791996668969
5	600	0.5705349470341449
6	700	0.6002962197470982
7	800	0.6122305401347732
