	num_instances	performance
0	100	0.5060933106403738
1	200	0.5572391041602722
2	300	0.5533552933500088
3	400	0.5691459409032117
4	500	0.5384664001113301
5	600	0.5856525564273821
6	700	0.5796686143087918
7	800	0.596290156387023
