	num_instances	performance
0	100	0.343333747018216
1	200	0.33492902100657834
2	300	0.335612474291887
3	400	0.36701509349133954
4	500	0.40041217388036365
5	600	0.4374551645996849
6	700	0.5219064851282823
7	800	0.5199059652335263
