	num_instances	performance
0	100	0.6681739402378072
1	200	0.7074087660731488
2	300	0.7480317508295679
3	400	0.740027011188707
4	500	0.7480135347956247
5	600	0.7328045294042742
6	700	0.7425547380695668
7	800	0.7411594254083573
