	num_instances	performance
0	30	0.5818181818181818
1	45	0.7454545454545454
2	60	0.6751515151515152
3	75	0.6488888888888888
4	90	0.6418181818181818
5	105	0.5807792207792207
6	120	0.5771428571428572
7	135	0.5106060606060605
8	150	0.5236363636363637
9	165	0.5018181818181817
10	180	0.5251515151515151
11	195	0.44333333333333336
12	210	0.5033333333333333
