{
        "word_embedding": "glove",
        "neural network": "rnn",
        "dataset": "../data/SST-2/tsv/500_50_50",
        "learning_rate": 0.1,
        "max epoch": 100,
        "mini batch size": 16,
        "seed": 5,
        "performance_measure": "accuracy"
}{
     "0": {
          "precision": 0.7872340425531915,
          "recall": 0.74,
          "f1-score": 0.7628865979381443,
          "support": 50
     },
     "1": {
          "precision": 0.7547169811320755,
          "recall": 0.8,
          "f1-score": 0.7766990291262137,
          "support": 50
     },
     "accuracy": 0.77,
     "macro avg": {
          "precision": 0.7709755118426336,
          "recall": 0.77,
          "f1-score": 0.769792813532179,
          "support": 100
     },
     "weighted avg": {
          "precision": 0.7709755118426336,
          "recall": 0.77,
          "f1-score": 0.769792813532179,
          "support": 100
     }
}{
 "runtime": 26.96075414121151
}{
     "0": {
          "precision": 0.8085106382978723,
          "recall": 0.76,
          "f1-score": 0.7835051546391754,
          "support": 50
     },
     "1": {
          "precision": 0.7735849056603774,
          "recall": 0.82,
          "f1-score": 0.796116504854369,
          "support": 50
     },
     "accuracy": 0.79,
     "macro avg": {
          "precision": 0.7910477719791249,
          "recall": 0.79,
          "f1-score": 0.7898108297467722,
          "support": 100
     },
     "weighted avg": {
          "precision": 0.7910477719791248,
          "recall": 0.79,
          "f1-score": 0.7898108297467721,
          "support": 100
     }
}{
 "runtime": 27.26961967535317
}{
     "0": {
          "precision": 0.7368421052631579,
          "recall": 0.84,
          "f1-score": 0.7850467289719626,
          "support": 50
     },
     "1": {
          "precision": 0.813953488372093,
          "recall": 0.7,
          "f1-score": 0.7526881720430109,
          "support": 50
     },
     "accuracy": 0.77,
     "macro avg": {
          "precision": 0.7753977968176254,
          "recall": 0.77,
          "f1-score": 0.7688674505074867,
          "support": 100
     },
     "weighted avg": {
          "precision": 0.7753977968176254,
          "recall": 0.77,
          "f1-score": 0.7688674505074867,
          "support": 100
     }
}{
 "runtime": 21.950802239589393
}{
     "0": {
          "precision": 0.7358490566037735,
          "recall": 0.78,
          "f1-score": 0.7572815533980584,
          "support": 50
     },
     "1": {
          "precision": 0.7659574468085106,
          "recall": 0.72,
          "f1-score": 0.7422680412371133,
          "support": 50
     },
     "accuracy": 0.75,
     "macro avg": {
          "precision": 0.750903251706142,
          "recall": 0.75,
          "f1-score": 0.7497747973175859,
          "support": 100
     },
     "weighted avg": {
          "precision": 0.7509032517061422,
          "recall": 0.75,
          "f1-score": 0.7497747973175859,
          "support": 100
     }
}{
 "runtime": 22.33604414947331
}{
     "0": {
          "precision": 0.8809523809523809,
          "recall": 0.74,
          "f1-score": 0.8043478260869565,
          "support": 50
     },
     "1": {
          "precision": 0.7758620689655172,
          "recall": 0.9,
          "f1-score": 0.8333333333333334,
          "support": 50
     },
     "accuracy": 0.82,
     "macro avg": {
          "precision": 0.8284072249589491,
          "recall": 0.8200000000000001,
          "f1-score": 0.818840579710145,
          "support": 100
     },
     "weighted avg": {
          "precision": 0.8284072249589491,
          "recall": 0.82,
          "f1-score": 0.818840579710145,
          "support": 100
     }
}{
 "runtime": 24.679732536897063
}{
     "1": 0.77,
     "2": 0.79,
     "3": 0.77,
     "4": 0.75,
     "5": 0.82
}{
 "overall_perf": 0.78
}