	num_instances	performance
0	100	0.5767217165714495
1	200	0.6030978576048792
2	300	0.6016648138975448
3	400	0.6541312854796166
4	500	0.6730410436584526
5	600	0.690453898492146
6	700	0.6971452892665831
7	800	0.7255744311512828
8	900	0.7155780712578899
9	1000	0.7415472026141856
10	1100	0.743621291176778
11	1200	0.7366701302805763
12	1300	0.732080072223468
13	1400	0.7338305602751601
14	1500	0.7385045446008445
15	1600	0.7373806982158811
