	num_instances	performance
0	100	0.6866028011356066
1	200	0.7628613446902148
2	300	0.7710361307657273
3	400	0.8018979910995458
4	500	0.815299541642365
5	600	0.8162720889669794
6	700	0.8380587382377289
7	800	0.85393353157766
