	num_instances	performance
0	100	0.3339826600151426
1	200	0.3346011738044185
2	300	0.38791323186172627
3	400	0.37539428137913433
4	500	0.3998890217932582
5	600	0.40595846414332426
6	700	0.4198302154933078
7	800	0.40951245363828115
