	num_instances	performance
0	100	0.5246523858312637
1	200	0.555053830032524
2	300	0.5601310374832486
3	400	0.5709371743429303
4	500	0.6005736215164224
5	600	0.6156214585284339
6	700	0.6397051906760394
7	800	0.6490091222284453
