	num_instances	performance
0	100	0.5138915855398167
1	200	0.5622659419976254
2	300	0.5699659755045622
3	400	0.5924828602241028
4	500	0.5794981821619353
5	600	0.6000039252131644
6	700	0.577594048121583
7	800	0.5911466200098832
