	num_instances	performance
0	30	0.5079990222662625
1	80	0.5505654701014282
2	130	0.5976449708969445
3	180	0.5830230898006435
4	230	0.5846554133078005
5	280	0.6119289422731891
6	330	0.6254465338758189
7	380	0.6387960741621365
8	430	0.6453910295047025
9	480	0.656043148918612
10	530	0.6712954929811777
11	580	0.6748490629630302
12	630	0.6887979157582335
13	680	0.6996661125882392
14	730	0.6976445306434785
15	780	0.6978405767020238
16	800	0.6954071970196604
