	num_instances	performance
0	100	0.5140753038771639
1	200	0.5152333494063046
2	300	0.5314656619712219
3	400	0.5189829826570169
4	500	0.5534891446695174
5	600	0.5245418188992982
6	700	0.5294725389516259
7	800	0.5747403375535133
