	num_instances	performance
0	100	0.33263781246280044
1	200	0.3117776921759465
2	300	0.33667203376527943
3	400	0.33734994824015946
4	500	0.31178331608005316
5	600	0.37692599800466187
6	700	0.42061699637898575
7	800	0.4070348288107275
