	num_instances	performance
0	30	0.0
1	80	0.03636363636363636
2	130	0.07272727272727272
3	180	0.0962566844919786
4	230	0.03333333333333334
5	280	0.12380952380952384
6	330	0.09826839826839827
7	380	0.17272727272727273
8	400	0.18033799533799535
