	num_instances	performance
0	100	0.6227791059275283
1	200	0.7641054890363258
2	300	0.8147770518693088
3	400	0.7994817401223512
4	500	0.8230144966774372
5	600	0.8098267740715626
6	700	0.8140738753198139
7	800	0.8302559363484503
