	num_instances	performance
0	30	0.15249584467876098
1	80	0.13603716235590985
2	130	0.22099835149370756
3	180	0.32573036719378184
4	230	0.42379297173414815
5	280	0.4979687484749998
6	330	0.5229781313778054
7	380	0.5337318971541483
8	400	0.5316456881915579
