	num_instances	performance
0	100	0.502672025175231
1	200	0.5055710671346609
2	300	0.4978581835581348
3	400	0.5050715231556897
4	500	0.5068857435404907
5	600	0.5193533196356469
6	700	0.5109273588590936
7	800	0.5488682645024525
