	num_instances	performance
0	100	0.5832459313066003
1	200	0.7458497428555996
2	300	0.9333532604239385
3	400	0.9607772602145076
4	500	0.972294592404497
5	600	0.9744575262904138
6	700	0.9765842609145657
7	800	0.9825041652610949
