	num_instances	performance
0	100	0.37562058098897905
1	200	0.47655491422103874
2	300	0.5713984747539275
3	400	0.5828640781544581
4	500	0.6141506734783586
5	600	0.5891579745266248
6	700	0.6628459078964019
7	800	0.6228973728542597
