	num_instances	performance
0	100	0.37627677853685126
1	200	0.33392339710247165
2	300	0.32182915821183383
3	400	0.38437241874047257
4	500	0.42690112843592487
5	600	0.5230814001012283
6	700	0.5998275902150813
7	800	0.5845827723877195
