	num_instances	performance
0	100	0.7207851458316336
1	200	0.8674970620753021
2	300	0.9071121417549645
3	400	0.9001032527428905
4	500	0.9304806060226328
5	600	0.9353024254462063
6	700	0.9486014270165765
7	800	0.9438020972100372
