	num_instances	performance
0	100	0.31078331608005316
1	200	0.31111664941338646
2	300	0.335999690515251
3	400	0.32322767492266624
4	500	0.3360166149068261
5	600	0.34536197325318974
6	700	0.3309177205191099
7	800	0.3518405611774925
