	num_instances	performance
0	100	0.5435002718741728
1	200	0.5883252690092214
2	300	0.6313777613787256
3	400	0.6377726913048454
4	500	0.6418904528463577
5	600	0.644334791083432
6	700	0.6873551995752919
7	800	0.7003752051121173
