{
        "word_embedding": "glove",
        "neural network": "rnn",
        "dataset": "../data/SST-2/tsv/500_70_30",
        "learning_rate": 0.1,
        "max epoch": 100,
        "mini batch size": 16,
        "seed": 5,
        "performance_measure": "f1"
}{
     "0": {
          "precision": 0.5384615384615384,
          "recall": 0.23333333333333334,
          "f1-score": 0.32558139534883723,
          "support": 30
     },
     "1": {
          "precision": 0.735632183908046,
          "recall": 0.9142857142857143,
          "f1-score": 0.8152866242038218,
          "support": 70
     },
     "accuracy": 0.71,
     "macro avg": {
          "precision": 0.6370468611847921,
          "recall": 0.5738095238095238,
          "f1-score": 0.5704340097763295,
          "support": 100
     },
     "weighted avg": {
          "precision": 0.6764809902740937,
          "recall": 0.71,
          "f1-score": 0.6683750555473265,
          "support": 100
     }
}{
 "runtime": 17.81003932468593
}{
     "0": {
          "precision": 0.5263157894736842,
          "recall": 0.3333333333333333,
          "f1-score": 0.4081632653061224,
          "support": 30
     },
     "1": {
          "precision": 0.7530864197530864,
          "recall": 0.8714285714285714,
          "f1-score": 0.8079470198675497,
          "support": 70
     },
     "accuracy": 0.71,
     "macro avg": {
          "precision": 0.6397011046133854,
          "recall": 0.6023809523809524,
          "f1-score": 0.608055142586836,
          "support": 100
     },
     "weighted avg": {
          "precision": 0.6850552306692657,
          "recall": 0.71,
          "f1-score": 0.6880118934991215,
          "support": 100
     }
}{
 "runtime": 17.609044142998755
}{
     "0": {
          "precision": 0.6818181818181818,
          "recall": 0.5,
          "f1-score": 0.576923076923077,
          "support": 30
     },
     "1": {
          "precision": 0.8076923076923077,
          "recall": 0.9,
          "f1-score": 0.8513513513513514,
          "support": 70
     },
     "accuracy": 0.78,
     "macro avg": {
          "precision": 0.7447552447552448,
          "recall": 0.7,
          "f1-score": 0.7141372141372142,
          "support": 100
     },
     "weighted avg": {
          "precision": 0.7699300699300698,
          "recall": 0.78,
          "f1-score": 0.769022869022869,
          "support": 100
     }
}{
 "runtime": 18.278902841731906
}{
     "0": {
          "precision": 0.5,
          "recall": 0.3333333333333333,
          "f1-score": 0.4,
          "support": 30
     },
     "1": {
          "precision": 0.75,
          "recall": 0.8571428571428571,
          "f1-score": 0.7999999999999999,
          "support": 70
     },
     "accuracy": 0.7,
     "macro avg": {
          "precision": 0.625,
          "recall": 0.5952380952380952,
          "f1-score": 0.6,
          "support": 100
     },
     "weighted avg": {
          "precision": 0.675,
          "recall": 0.7,
          "f1-score": 0.68,
          "support": 100
     }
}{
 "runtime": 19.63599160220474
}{
     "0": {
          "precision": 0.6666666666666666,
          "recall": 0.5333333333333333,
          "f1-score": 0.5925925925925926,
          "support": 30
     },
     "1": {
          "precision": 0.8157894736842105,
          "recall": 0.8857142857142857,
          "f1-score": 0.8493150684931505,
          "support": 70
     },
     "accuracy": 0.78,
     "macro avg": {
          "precision": 0.7412280701754386,
          "recall": 0.7095238095238094,
          "f1-score": 0.7209538305428715,
          "support": 100
     },
     "weighted avg": {
          "precision": 0.7710526315789474,
          "recall": 0.78,
          "f1-score": 0.7722983257229831,
          "support": 100
     }
}{
 "runtime": 22.605560652911663
}{
     "1": 0.32558139534883723,
     "2": 0.4081632653061224,
     "3": 0.576923076923077,
     "4": 0.4,
     "5": 0.5925925925925926
}{
 "overall_perf": 0.4606520660341258
}