	num_instances	performance
0	30	0.7292192002526349
1	45	0.7736055840551679
2	60	0.7366885895682065
3	75	0.7620669806384092
4	90	0.7839373586093893
5	105	0.774066339154962
6	120	0.7346557499748989
7	135	0.7207639088155587
8	150	0.7486683046683046
9	165	0.7337082852273352
10	180	0.6952627427782707
11	195	0.7161759854857332
12	210	0.722929533207054
13	225	0.7228107158541942
14	240	0.7263281004003419
15	255	0.6889270253555967
