{
    "num_instances": 3614,
    "distribution": {
        "drama": 1149,
        "comedy": 857,
        "western": 199,
        "crime": 182,
        "action": 161,
        "thriller": 160,
        "romance": 136,
        "horror": 108,
        "adventure": 104,
        "musical": 97,
        "mystery": 83,
        "film noir": 56,
        "crime drama": 47,
        "romantic comedy": 38,
        "comedy, drama": 38,
        "musical comedy": 28,
        "serial": 26,
        "comedy drama": 25,
        "war": 24,
        "sci-fi": 23,
        "family": 21,
        "comedy-drama": 18,
        "documentary": 17,
        "fantasy": 17
    },
    "distribution_percentage": {
        "drama": 31.793027116768123,
        "comedy": 23.71333702268954,
        "western": 5.506364139457665,
        "crime": 5.0359712230215825,
        "action": 4.454897620365246,
        "thriller": 4.427227448810182,
        "romance": 3.7631433314886555,
        "horror": 2.9883785279468733,
        "adventure": 2.877697841726619,
        "musical": 2.684006640841173,
        "mystery": 2.2966242390702822,
        "film noir": 1.549529607083564,
        "crime drama": 1.3004980630879912,
        "romantic comedy": 1.0514665190924184,
        "comedy, drama": 1.0514665190924184,
        "musical comedy": 0.774764803541782,
        "serial": 0.7194244604316548,
        "comedy drama": 0.6917542888765911,
        "war": 0.6640841173215274,
        "sci-fi": 0.6364139457664637,
        "family": 0.5810736026563365,
        "comedy-drama": 0.4980630879911455,
        "documentary": 0.47039291643608194,
        "fantasy": 0.47039291643608194
    },
    "classes": [
        "romance",
        "musical",
        "horror",
        "war",
        "romantic comedy",
        "action",
        "comedy-drama",
        "film noir",
        "family",
        "mystery",
        "sci-fi",
        "documentary",
        "crime",
        "musical comedy",
        "western",
        "comedy, drama",
        "adventure",
        "thriller",
        "crime drama",
        "drama",
        "comedy drama",
        "fantasy",
        "serial",
        "comedy"
    ]
}