	num_instances	performance
0	100	0.566627607678582
1	200	0.5810307612057872
2	300	0.5833112594506105
3	400	0.5714193605998356
4	500	0.5734391844365218
5	600	0.5885422527544706
6	700	0.6055954174670901
7	800	0.5981206362410475
