	num_instances	performance
0	30	0.07365079365079366
1	80	0.24759032716927454
2	130	0.28634995467473
3	180	0.33857377521528226
4	230	0.3775610123077849
5	280	0.39767156697427747
6	330	0.4351071005377814
7	380	0.4677589028726225
8	400	0.4455320954377558
