	num_instances	performance
0	100	0.5806642594807989
1	200	0.6700805978901541
2	300	0.6815148606356797
3	400	0.7015300869834005
4	500	0.7002991735254044
5	600	0.7240161384689914
6	700	0.71701207271955
7	800	0.7367193841142086
