	num_instances	performance
0	100	0.48292151704966974
1	200	0.5693587142934005
2	300	0.5523128176339309
3	400	0.6021042827014466
4	500	0.5935075610958205
5	600	0.5842765715353089
6	700	0.6092497533718827
7	800	0.5943531002698835
