	num_instances	performance
0	30	0.19478260869565217
1	60	0.40786489329974096
2	90	0.46539199787861174
3	120	0.5123537669870257
4	150	0.49297929052556244
5	180	0.54817234215163
6	210	0.5298598857860586
7	240	0.4765952004724167
8	270	0.4958191234053303
9	300	0.5590090370344283
10	330	0.5913773427123168
11	360	0.5832258560934601
12	390	0.6091415369947073
13	400	0.562417611314046
