	num_instances	performance
0	100	0.3517218643345146
1	200	0.4990164490116241
2	300	0.43687064900127276
3	400	0.4920770275266867
4	500	0.48629041627889363
5	600	0.49213380582721183
6	700	0.47859720008392914
7	800	0.5072967813328827
