	num_instances	performance
0	100	0.32154397775589116
1	200	0.3433216402143598
2	300	0.33324542859240636
3	400	0.34227448410554506
4	500	0.35357073464872646
5	600	0.3550858886476388
6	700	0.38394648737849313
7	800	0.37146671019335326
