	num_instances	performance
0	100	0.665975366753271
1	200	0.6727698206486351
2	300	0.7013531384467929
3	400	0.715326079942251
4	500	0.7223643640235137
5	600	0.723740915455867
6	700	0.7362561608102107
7	800	0.7342969930470318
