{
         "word_embedding": "bert",
         "document_embedding": "Transformer",
         "neural network": "rnn",
         "dataset": "../data/SST-2/tsv/1000_70_30",
         "learning_rate": 0.1,
         "max epoch": 100,
         "mini batch size": 16,
         "seed": 5,
         "performance_measure": "g-mean"
}{
     "0": {
          "precision": 0.803921568627451,
          "recall": 0.6833333333333333,
          "f1-score": 0.7387387387387387,
          "support": 60
     },
     "1": {
          "precision": 0.87248322147651,
          "recall": 0.9285714285714286,
          "f1-score": 0.8996539792387543,
          "support": 140
     },
     "accuracy": 0.855,
     "macro avg": {
          "precision": 0.8382023950519806,
          "recall": 0.805952380952381,
          "f1-score": 0.8191963589887465,
          "support": 200
     },
     "weighted avg": {
          "precision": 0.8519147256217923,
          "recall": 0.855,
          "f1-score": 0.8513794070887496,
          "support": 200
     }
}{
 "runtime": 82.31548099406064
}{
     "0": {
          "precision": 0.7543859649122807,
          "recall": 0.7166666666666667,
          "f1-score": 0.735042735042735,
          "support": 60
     },
     "1": {
          "precision": 0.8811188811188811,
          "recall": 0.9,
          "f1-score": 0.8904593639575972,
          "support": 140
     },
     "accuracy": 0.845,
     "macro avg": {
          "precision": 0.8177524230155809,
          "recall": 0.8083333333333333,
          "f1-score": 0.8127510495001661,
          "support": 200
     },
     "weighted avg": {
          "precision": 0.843099006256901,
          "recall": 0.845,
          "f1-score": 0.8438343752831386,
          "support": 200
     }
}{
 "runtime": 83.0918464884162
}{
     "0": {
          "precision": 0.8536585365853658,
          "recall": 0.5833333333333334,
          "f1-score": 0.6930693069306931,
          "support": 60
     },
     "1": {
          "precision": 0.8427672955974843,
          "recall": 0.9571428571428572,
          "f1-score": 0.8963210702341138,
          "support": 140
     },
     "accuracy": 0.845,
     "macro avg": {
          "precision": 0.8482129160914251,
          "recall": 0.7702380952380953,
          "f1-score": 0.7946951885824034,
          "support": 200
     },
     "weighted avg": {
          "precision": 0.8460346678938486,
          "recall": 0.845,
          "f1-score": 0.8353455412430876,
          "support": 200
     }
}{
 "runtime": 83.17560709267855
}{
     "0": {
          "precision": 0.78,
          "recall": 0.65,
          "f1-score": 0.709090909090909,
          "support": 60
     },
     "1": {
          "precision": 0.86,
          "recall": 0.9214285714285714,
          "f1-score": 0.8896551724137931,
          "support": 140
     },
     "accuracy": 0.84,
     "macro avg": {
          "precision": 0.8200000000000001,
          "recall": 0.7857142857142857,
          "f1-score": 0.799373040752351,
          "support": 200
     },
     "weighted avg": {
          "precision": 0.836,
          "recall": 0.84,
          "f1-score": 0.8354858934169279,
          "support": 200
     }
}{
 "runtime": 84.64270219579339
}{
     "0": {
          "precision": 0.8032786885245902,
          "recall": 0.8166666666666667,
          "f1-score": 0.8099173553719008,
          "support": 60
     },
     "1": {
          "precision": 0.920863309352518,
          "recall": 0.9142857142857143,
          "f1-score": 0.917562724014337,
          "support": 140
     },
     "accuracy": 0.885,
     "macro avg": {
          "precision": 0.8620709989385541,
          "recall": 0.8654761904761905,
          "f1-score": 0.863740039693119,
          "support": 200
     },
     "weighted avg": {
          "precision": 0.8855879231041396,
          "recall": 0.885,
          "f1-score": 0.8852691134216062,
          "support": 200
     }
}{
 "runtime": 86.67305618710816
}{
     "1": 0.8044585579310916,
     "2": 0.8075012899886497,
     "3": 0.7666011876799963,
     "4": 0.7838367176906169,
     "5": 0.8652559489208134
}{
 "overall_perf": 0.8055307404422336
}{
 "overall_runtime": 83.97973859161138
}