	num_instances	performance
0	100	0.5941305771736272
1	200	0.690931168319782
2	300	0.7342052532749553
3	400	0.7813422002467133
4	500	0.7553614328364253
5	600	0.796055110716578
6	700	0.8173618454118229
7	800	0.8099235098510521
