	num_instances	performance
0	100	0.5865265560743074
1	200	0.6165207262058838
2	300	0.6938928302204119
3	400	0.6937789151084844
4	500	0.7218026567227491
5	600	0.7228847551851533
6	700	0.7237790819606019
7	800	0.7176005903108272
