	num_instances	performance
0	100	0.7376972858958835
1	200	0.7518228456457121
2	300	0.7810106439657611
3	400	0.7919710258107171
4	500	0.803108523361385
5	600	0.7806327178426938
6	700	0.7776875758419892
7	800	0.7798198005546614
