	num_instances	performance
0	100	0.5240192432347396
1	200	0.5416817393637983
2	300	0.5669976809301669
3	400	0.5775218976335406
4	500	0.5598866489098209
5	600	0.5806396584926314
6	700	0.5814916274505988
7	800	0.5899288388604046
