	num_instances	performance
0	30	0.6206060606060606
1	42	0.6472727272727272
2	54	0.6218181818181818
3	66	0.5842424242424242
4	78	0.46333333333333326
5	90	0.4595959595959596
6	102	0.4207070707070707
7	114	0.42784992784992787
8	126	0.38896103896103895
9	138	0.5351515151515152
10	150	0.48888888888888893
11	162	0.37070707070707065
12	174	0.4222943722943723
13	186	0.4126984126984127
14	198	0.40714285714285714
15	210	0.3404761904761905
