	num_instances	performance
0	100	0.46047014909930334
1	200	0.48915497576164835
2	300	0.4961115632976602
3	400	0.5329138927401363
4	500	0.5359721341037076
5	600	0.5454755416776722
6	700	0.5465581541727405
7	800	0.5333468241238328
