	num_instances	performance
0	30	0.1491008039579468
1	80	0.3855526125397001
2	130	0.4817776511982209
3	180	0.5147544419194069
4	230	0.5374175421057299
5	280	0.5598117626264857
6	330	0.5285376561972307
7	380	0.5571649163381167
8	400	0.5512740337784171
