	num_instances	performance
0	30	0.13735611334444553
1	70	0.20871105870468684
2	110	0.30726893261776983
3	150	0.31834497157961505
4	190	0.3431335859907289
5	230	0.396533731466412
6	270	0.441556936465165
7	310	0.41726246457067057
8	350	0.3944075021312873
9	390	0.40831678125795773
10	400	0.42054364862875504
