	num_instances	performance
0	100	0.5620884321583359
1	200	0.5760999788671831
2	300	0.592029534161206
3	400	0.598783857812238
4	500	0.6473383752187957
5	600	0.6631163734649506
6	700	0.6784951411150446
7	800	0.6811497155953914
8	900	0.6902979448005722
9	1000	0.6995765129162228
10	1100	0.6945950189116425
11	1200	0.7087847720785366
