	num_instances	performance
0	100	0.7184928729209108
1	200	0.7670917852563448
2	300	0.8184639848100769
3	400	0.8251865282449546
4	500	0.8096856031329379
5	600	0.831304392420023
6	700	0.8465089882813863
7	800	0.8304000291822329
