	num_instances	performance
0	100	0.5151052577643628
1	200	0.5502072103789605
2	300	0.5527901167697875
3	400	0.5389737180144578
4	500	0.5547122278924862
5	600	0.563992799828963
6	700	0.5691919201780926
7	800	0.5915300520114307
