	num_instances	performance
0	30	0.7888010798522307
1	45	0.714548801080716
2	60	0.7368581092931298
3	75	0.7435989289332754
4	90	0.7358144954694498
5	105	0.7403029459119084
6	120	0.7729647696476964
7	135	0.7307921820880752
8	150	0.7598531902879728
9	165	0.7484903204410728
10	180	0.7390494168068918
11	195	0.7260288707699589
12	210	0.7450938424441296
13	225	0.7272948328267478
14	240	0.742571800004127
15	255	0.7163380519042803
