	num_instances	performance
0	30	0.02105263157894737
1	80	0.03333333333333334
2	130	0.07272727272727272
3	180	0.09826839826839828
4	230	0.06713286713286712
5	280	0.1482051282051282
6	330	0.18344322344322345
7	380	0.24456876456876456
8	400	0.18326839826839827
