{
    "num_instances": 308,
    "distribution": {
        "1": 278,
        "0": 30
    },
    "distribution_percentage": {
        "1": 90.25974025974025,
        "0": 9.740259740259742
    },
    "classes": [
        0,
        1
    ]
}