	num_instances	performance
0	100	0.5678493580091164
1	200	0.6186440878654194
2	300	0.6521911375813352
3	400	0.6777782249382255
4	500	0.6930611666400652
5	600	0.7025617346342219
6	700	0.7208495966113884
7	800	0.7247795844309082
