	num_instances	performance
0	100	0.5518258034600807
1	200	0.6139725790600998
2	300	0.6480620269860342
3	400	0.6848881196356982
4	500	0.6878763995895968
5	600	0.7131782372625556
6	700	0.7187166972349764
7	800	0.7200464818101205
