	num_instances	performance
0	100	0.5229529849218028
1	200	0.628353750440153
2	300	0.7066919630256009
3	400	0.7109155676936207
4	500	0.714586498001999
5	600	0.7494380580857849
6	700	0.7624380988401477
7	800	0.7532965750438481
