	num_instances	performance
0	30	0.7833140589569162
1	45	0.7905555555555557
2	60	0.7759695083707243
3	75	0.7811352657004831
4	90	0.7830603911454974
5	105	0.7741053391053392
6	120	0.7927814820838077
7	135	0.7712478156494039
8	150	0.7581927211922023
9	165	0.7983227320860434
10	180	0.7689447668171072
11	195	0.7558007170354581
12	210	0.7661490967414313
13	225	0.741970310391363
14	240	0.7394871794871795
15	255	0.7561781076066791
