	num_instances	performance
0	30	0.6171428571428571
1	45	0.6818181818181819
2	60	0.5688888888888888
3	75	0.5599999999999999
4	90	0.5488888888888889
5	105	0.5818181818181818
6	120	0.538961038961039
7	135	0.5525252525252525
8	150	0.49777777777777776
9	165	0.5115151515151515
10	180	0.5862626262626263
11	195	0.5395959595959596
12	210	0.453030303030303
