	num_instances	performance
0	30	0.6666666666666666
1	45	0.6351515151515151
2	60	0.6471794871794871
3	75	0.6466666666666667
4	90	0.6751515151515152
5	105	0.6488888888888888
6	120	0.62
7	135	0.5507070707070707
8	150	0.48784992784992787
9	165	0.41299145299145296
10	180	0.5023953823953824
11	195	0.47000000000000003
12	210	0.3933333333333333
