	num_instances	performance
0	100	0.5061526057850183
1	200	0.6399326226263882
2	300	0.68910337882841
3	400	0.6762578500667422
4	500	0.7060163411057108
5	600	0.7110588815517025
6	700	0.7553871094409585
7	800	0.754274747235088
