	num_instances	performance
0	30	0.6599999999999999
1	42	0.6484848484848486
2	54	0.5303030303030303
3	66	0.5264335664335664
4	78	0.5046153846153846
5	90	0.5617582417582418
6	102	0.5433333333333333
7	114	0.6242424242424243
8	126	0.6418181818181818
9	138	0.5800699300699301
10	150	0.592929292929293
11	162	0.49982905982905984
12	174	0.5466899766899767
13	186	0.4396581196581197
14	198	0.5195959595959596
15	210	0.5285470085470085
