	num_instances	performance
0	100	0.5116207551954804
1	200	0.5273255964004739
2	300	0.5685177516310818
3	400	0.5898182061322308
4	500	0.6099867572485052
5	600	0.6056958391586674
6	700	0.6275861553026375
7	800	0.6300655277980683
