	num_instances	performance
0	100	0.608586899477249
1	200	0.6774721489814189
2	300	0.7055690061999702
3	400	0.719678107877921
4	500	0.7475938475734956
5	600	0.744978648512457
6	700	0.7489826121543948
7	800	0.7618778863806216
