	num_instances	performance
0	100	0.396954682885854
1	200	0.5585681756032685
2	300	0.5768367105655293
3	400	0.5746968233163319
4	500	0.6082352170145553
5	600	0.6004271912246023
6	700	0.608942859955832
7	800	0.6300652469888487
