	num_instances	performance
0	100	0.5056920738337987
1	200	0.5101032978025715
2	300	0.532204912913648
3	400	0.5195093467549715
4	500	0.5168773238597065
5	600	0.549970613161386
6	700	0.5327080588349389
7	800	0.5552920179100217
