	num_instances	performance
0	30	0.4785359517213766
1	130	0.49778989148803776
2	230	0.5867313114204854
3	330	0.6052674485602315
4	400	0.6365490363391315
