	num_instances	performance
0	100	0.4847194266676388
1	200	0.4765833203558076
2	300	0.484347492884325
3	400	0.5080707590490545
4	500	0.49824087227430747
5	600	0.5274924604590081
6	700	0.5325856390658119
7	800	0.5294380103828682
