	num_instances	performance
0	100	0.4683579475616194
1	200	0.47970329194809985
2	300	0.49515639100395437
3	400	0.4838555394608308
4	500	0.4896240023391246
5	600	0.5209889598733656
6	700	0.5255920310401037
7	800	0.53509480945395
