	num_instances	performance
0	30	0.11494891073838442
1	70	0.14113945578231293
2	110	0.21343646465597685
3	150	0.19333820484715628
4	190	0.24342403628117912
5	230	0.30247706771209987
6	270	0.35253979583304285
7	310	0.3784496124031008
8	350	0.41943452331642606
9	390	0.44932618106531147
10	400	0.45526553929765357
