	num_instances	performance
0	100	0.5592549254878955
1	200	0.6166300318903717
2	300	0.6380617411337282
3	400	0.6617850458760819
4	500	0.673125144354813
5	600	0.6734134191771945
6	700	0.6811729245060353
7	800	0.7083780275328879
8	900	0.6968852906239965
9	1000	0.7016889577774661
10	1100	0.6998841582646321
11	1200	0.7135617297655797
