{
        "word_embedding": "glove",
        "neural network": "rnn",
        "dataset": "../data/webkb/tsv/dataset_1000",
        "learning_rate": 0.1,
        "max epoch": 100,
        "mini batch size": 16,
        "seed": 5,
        "performance_measure": "g-mean"
}{
          "other": {
                    "precision": 0.8416666666666667,
                    "recall": 0.8278688524590164,
                    "f1-score": 0.8347107438016529,
                    "support": 122
          },
          "project": {
                    "precision": 0.4444444444444444,
                    "recall": 0.4,
                    "f1-score": 0.4210526315789474,
                    "support": 10
          },
          "course": {
                    "precision": 0.8260869565217391,
                    "recall": 0.8260869565217391,
                    "f1-score": 0.8260869565217391,
                    "support": 23
          },
          "faculty": {
                    "precision": 0.64,
                    "recall": 0.8,
                    "f1-score": 0.7111111111111111,
                    "support": 20
          },
          "student": {
                    "precision": 0.5217391304347826,
                    "recall": 0.5454545454545454,
                    "f1-score": 0.5333333333333332,
                    "support": 22
          },
          "staff": {
                    "precision": 0.0,
                    "recall": 0.0,
                    "f1-score": 0.0,
                    "support": 2
          },
          "department": {
                    "precision": 0.0,
                    "recall": 0.0,
                    "f1-score": 0.0,
                    "support": 1
          },
          "accuracy": 0.76,
          "macro avg": {
                    "precision": 0.46770531400966187,
                    "recall": 0.48563005063361436,
                    "f1-score": 0.4751849680495406,
                    "support": 200
          },
          "weighted avg": {
                    "precision": 0.7520301932367149,
                    "recall": 0.76,
                    "f1-score": 0.7550039630757334,
                    "support": 200
          }
}{
 "runtime": 367.1960800997913
}{
          "other": {
                    "precision": 0.8702290076335878,
                    "recall": 0.9344262295081968,
                    "f1-score": 0.9011857707509882,
                    "support": 122
          },
          "project": {
                    "precision": 0.5833333333333334,
                    "recall": 0.7,
                    "f1-score": 0.6363636363636365,
                    "support": 10
          },
          "course": {
                    "precision": 0.8333333333333334,
                    "recall": 0.6818181818181818,
                    "f1-score": 0.7499999999999999,
                    "support": 22
          },
          "faculty": {
                    "precision": 0.8095238095238095,
                    "recall": 0.8095238095238095,
                    "f1-score": 0.8095238095238095,
                    "support": 21
          },
          "student": {
                    "precision": 0.75,
                    "recall": 0.5454545454545454,
                    "f1-score": 0.631578947368421,
                    "support": 22
          },
          "staff": {
                    "precision": 0.0,
                    "recall": 0.0,
                    "f1-score": 0.0,
                    "support": 1
          },
          "department": {
                    "precision": 1.0,
                    "recall": 1.0,
                    "f1-score": 1.0,
                    "support": 2
          },
          "accuracy": 0.835,
          "macro avg": {
                    "precision": 0.6923456405462949,
                    "recall": 0.6673175380435333,
                    "f1-score": 0.675521737715265,
                    "support": 200
          },
          "weighted avg": {
                    "precision": 0.829173027989822,
                    "recall": 0.835,
                    "f1-score": 0.8285151861868109,
                    "support": 200
          }
}{
 "runtime": 422.437486378476
}{
          "other": {
                    "precision": 0.8320610687022901,
                    "recall": 0.8934426229508197,
                    "f1-score": 0.8616600790513834,
                    "support": 122
          },
          "project": {
                    "precision": 0.3333333333333333,
                    "recall": 0.4,
                    "f1-score": 0.3636363636363636,
                    "support": 10
          },
          "course": {
                    "precision": 0.8181818181818182,
                    "recall": 0.8181818181818182,
                    "f1-score": 0.8181818181818182,
                    "support": 22
          },
          "faculty": {
                    "precision": 0.8333333333333334,
                    "recall": 0.7142857142857143,
                    "f1-score": 0.7692307692307692,
                    "support": 21
          },
          "student": {
                    "precision": 0.7647058823529411,
                    "recall": 0.6190476190476191,
                    "f1-score": 0.6842105263157895,
                    "support": 21
          },
          "staff": {
                    "precision": 0.0,
                    "recall": 0.0,
                    "f1-score": 0.0,
                    "support": 2
          },
          "department": {
                    "precision": 0.0,
                    "recall": 0.0,
                    "f1-score": 0.0,
                    "support": 2
          },
          "accuracy": 0.795,
          "macro avg": {
                    "precision": 0.5116593479862452,
                    "recall": 0.4921368249237102,
                    "f1-score": 0.49955993663087483,
                    "support": 200
          },
          "weighted avg": {
                    "precision": 0.7820180362221225,
                    "recall": 0.795,
                    "f1-score": 0.7864058024355508,
                    "support": 200
          }
}{
 "runtime": 380.4691258557141
}{
          "other": {
                    "precision": 0.8048780487804879,
                    "recall": 0.8048780487804879,
                    "f1-score": 0.8048780487804877,
                    "support": 123
          },
          "project": {
                    "precision": 0.2222222222222222,
                    "recall": 0.36363636363636365,
                    "f1-score": 0.27586206896551724,
                    "support": 11
          },
          "course": {
                    "precision": 0.75,
                    "recall": 0.8181818181818182,
                    "f1-score": 0.7826086956521738,
                    "support": 22
          },
          "faculty": {
                    "precision": 0.7692307692307693,
                    "recall": 0.5,
                    "f1-score": 0.6060606060606061,
                    "support": 20
          },
          "student": {
                    "precision": 0.6,
                    "recall": 0.5714285714285714,
                    "f1-score": 0.5853658536585366,
                    "support": 21
          },
          "staff": {
                    "precision": 0.0,
                    "recall": 0.0,
                    "f1-score": 0.0,
                    "support": 2
          },
          "department": {
                    "precision": 0.0,
                    "recall": 0.0,
                    "f1-score": 0.0,
                    "support": 1
          },
          "accuracy": 0.715,
          "macro avg": {
                    "precision": 0.449475862890497,
                    "recall": 0.43687497171817735,
                    "f1-score": 0.4363964675881888,
                    "support": 200
          },
          "weighted avg": {
                    "precision": 0.7296452991452991,
                    "recall": 0.715,