	num_instances	performance
0	30	0.0
1	80	0.0
2	130	0.0
3	180	0.0
4	230	0.0
5	280	0.10909090909090909
6	330	0.16623376623376623
7	380	0.18315018315018317
8	400	0.21456876456876456
