	num_instances	performance
0	100	0.6290950319069784
1	200	0.659441691881547
2	300	0.6902431927555941
3	400	0.6894508771278198
4	500	0.6760432120697797
5	600	0.686683300045043
6	700	0.6936049330091227
7	800	0.6973859335354884
8	900	0.6997876062353716
9	1000	0.6940469048112964
10	1100	0.7222945654675645
11	1200	0.7167329357386452
12	1300	0.7204385439695735
13	1400	0.7304271735929825
14	1500	0.7145666680125027
15	1600	0.7325115333745866
