	num_instances	performance
0	100	0.3952646280303037
1	200	0.4957939540952839
2	300	0.5111690538159034
3	400	0.5944647444784544
4	500	0.5704471901185986
5	600	0.5546668946851221
6	700	0.5741701844703535
7	800	0.517418216895497
