	num_instances	performance
0	100	0.3420398026343917
1	200	0.41597074583401844
2	300	0.4597188967258904
3	400	0.47529123464524103
4	500	0.5091897416594572
5	600	0.4999796617675985
6	700	0.5016340841390783
7	800	0.49690407562438904
