	num_instances	performance
0	100	0.606652298282012
1	200	0.6180494315682614
2	300	0.6621023382326572
3	400	0.6620706911361259
4	500	0.7026921733928255
5	600	0.6985824935741134
6	700	0.7199939030167195
7	800	0.7170586596106406
