	num_instances	performance
0	100	0.6630613027491866
1	200	0.6821792605838618
2	300	0.7044220555280009
3	400	0.7150674854772727
4	500	0.7009747205262251
5	600	0.7206254151444385
6	700	0.7211716850178851
7	800	0.7353801787167802
