	num_instances	performance
0	100	0.3104271680402426
1	200	0.3539549684267332
2	300	0.35468994693626915
3	400	0.3208715268828557
4	500	0.3426096661683501
5	600	0.36749586588551086
6	700	0.3194278364778239
7	800	0.36565356694336254
