	num_instances	performance
0	100	0.5348959134627128
1	200	0.5378139720811462
2	300	0.5564563058909225
3	400	0.5907075794969652
4	500	0.6443664768733938
5	600	0.6842790586237776
6	700	0.7385776197609545
7	800	0.7685124789298488
