{
    "num_instances": 357,
    "distribution": {
        "neg": 250,
        "pos": 107
    },
    "distribution_percentage": {
        "neg": 70.02801120448179,
        "pos": 29.971988795518207
    },
    "classes": [
        "pos",
        "neg"
    ]
}