	num_instances	performance
0	100	0.5574309476640664
1	200	0.5905614875256475
2	300	0.6011950340070112
3	400	0.603871374262892
4	500	0.60592426033992
5	600	0.6136665419838614
6	700	0.6084409671002728
7	800	0.5962316199545722
