	num_instances	performance
0	100	0.5483482741824385
1	200	0.8297825528347277
2	300	0.9106922946990446
3	400	0.9466040331929481
4	500	0.9488185384352713
5	600	0.9733731522470359
6	700	0.9824958475686802
7	800	0.9782061074540268
