	num_instances	performance
0	100	0.5819626988642885
1	200	0.8633393027807236
2	300	0.9598017095743459
3	400	0.9723115940784023
4	500	0.9749985361152074
5	600	0.9808765144508065
6	700	0.9846311380319921
7	800	0.9787532202129494
