	num_instances	performance
0	30	0.144798893916541
1	80	0.39925961082107253
2	130	0.5305826258773978
3	180	0.5524480245229659
4	230	0.6072808972073679
5	280	0.6029705612513057
6	330	0.6020842133098911
7	380	0.5931907452246434
8	400	0.5929441523089104
