	num_instances	performance
0	100	0.7766488495100654
1	200	0.8404227779419429
2	300	0.8755883512801599
3	400	0.915336604930836
4	500	0.9242796131327875
5	600	0.9314306058969043
6	700	0.9346024651647555
7	800	0.9420240284210243
