	num_instances	performance
0	100	0.30877769217594647
1	200	0.298
2	300	0.31044998274671987
3	400	0.3114499827467198
4	500	0.3441915591836125
5	600	0.39089353417861344
6	700	0.4763693049162153
7	800	0.4601590788785382
