	num_instances	performance
0	100	0.36736094837801975
1	200	0.36806308606646815
2	300	0.39718944718667293
3	400	0.4761503769481713
4	500	0.5157854523439701
5	600	0.6330800854870586
6	700	0.6535741368980805
7	800	0.6251032121772775
