	num_instances	performance
0	30	0.025
1	80	0.07272727272727272
2	130	0.0
3	180	0.12903762903762905
4	230	0.11547619047619048
5	280	0.14493506493506494
6	330	0.12124542124542126
7	380	0.12380952380952381
8	400	0.1836163836163836
