	num_instances	performance
0	100	0.6128545649134999
1	200	0.6110514642305881
2	300	0.6313417931307983
3	400	0.6355517682097327
4	500	0.6786284950193378
5	600	0.7069148361039451
6	700	0.7351049867070708
7	800	0.7237716716930515
