{
         "word_embedding": "bert",
         "document_embedding": "RNN",
         "neural network": "rnn",
         "dataset": "../data/SST-2/tsv/1000_90_10",
         "learning_rate": 0.1,
         "max epoch": 100,
         "mini batch size": 16,
         "seed": 5,
         "performance_measure": "g-mean"
}{
     "0": {
          "precision": 0.0,
          "recall": 0.0,
          "f1-score": 0.0,
          "support": 20
     },
     "1": {
          "precision": 0.9,
          "recall": 1.0,
          "f1-score": 0.9473684210526316,
          "support": 180
     },
     "accuracy": 0.9,
     "macro avg": {
          "precision": 0.45,
          "recall": 0.5,
          "f1-score": 0.4736842105263158,
          "support": 200
     },
     "weighted avg": {
          "precision": 0.81,
          "recall": 0.9,
          "f1-score": 0.8526315789473685,
          "support": 200
     }
}{
 "runtime": 1530.4139297381043
}{
     "0": {
          "precision": 0.0,
          "recall": 0.0,
          "f1-score": 0.0,
          "support": 20
     },
     "1": {
          "precision": 0.9,
          "recall": 1.0,
          "f1-score": 0.9473684210526316,
          "support": 180
     },
     "accuracy": 0.9,
     "macro avg": {
          "precision": 0.45,
          "recall": 0.5,
          "f1-score": 0.4736842105263158,
          "support": 200
     },
     "weighted avg": {
          "precision": 0.81,
          "recall": 0.9,
          "f1-score": 0.8526315789473685,
          "support": 200
     }
}{
 "runtime": 1868.3671800717711
}{
     "0": {
          "precision": 0.0,
          "recall": 0.0,
          "f1-score": 0.0,
          "support": 20
     },
     "1": {
          "precision": 0.9,
          "recall": 1.0,
          "f1-score": 0.9473684210526316,
          "support": 180
     },
     "accuracy": 0.9,
     "macro avg": {
          "precision": 0.45,
          "recall": 0.5,
          "f1-score": 0.4736842105263158,
          "support": 200
     },
     "weighted avg": {
          "precision": 0.81,
          "recall": 0.9,
          "f1-score": 0.8526315789473685,
          "support": 200
     }
}{
 "runtime": 1430.5461975932121
}{
     "0": {
          "precision": 0.75,
          "recall": 0.15,
          "f1-score": 0.24999999999999997,
          "support": 20
     },
     "1": {
          "precision": 0.9132653061224489,
          "recall": 0.9944444444444445,
          "f1-score": 0.9521276595744681,
          "support": 180
     },
     "accuracy": 0.91,
     "macro avg": {
          "precision": 0.8316326530612245,
          "recall": 0.5722222222222222,
          "f1-score": 0.601063829787234,
          "support": 200
     },
     "weighted avg": {
          "precision": 0.8969387755102041,
          "recall": 0.91,
          "f1-score": 0.8819148936170212,
          "support": 200
     }
}{
 "runtime": 1862.930425124243
}{
     "0": {
          "precision": 0.0,
          "recall": 0.0,
          "f1-score": 0.0,
          "support": 20
     },
     "1": {
          "precision": 0.9,
          "recall": 1.0,
          "f1-score": 0.9473684210526316,
          "support": 180
     },
     "accuracy": 0.9,
     "macro avg": {
          "precision": 0.45,
          "recall": 0.5,
          "f1-score": 0.4736842105263158,
          "support": 200
     },
     "weighted avg": {
          "precision": 0.81,
          "recall": 0.9,
          "f1-score": 0.8526315789473685,
          "support": 200
     }
}{
 "runtime": 1637.5074803680182
}{
     "1": 0.30000000000000004,
     "2": 0.30000000000000004,
     "3": 0.30000000000000004,
     "4": 0.4618922433256965,
     "5": 0.30000000000000004
}{
 "overall_perf": 0.3323784486651393
}{
 "overall_runtime": 1665.9530425790697
}