{
         "word_embedding": "bert",
         "document_embedding": "RNN",
         "neural network": "rnn",
         "dataset": "../data/SST-2/tsv/1000_90_10",
         "learning_rate": 0.1,
         "max epoch": 100,
         "mini batch size": 16,
         "seed": 5,
         "performance_measure": "g-mean"
}{
     "0": {
          "precision": 0.7142857142857143,
          "recall": 0.25,
          "f1-score": 0.37037037037037035,
          "support": 20
     },
     "1": {
          "precision": 0.9222797927461139,
          "recall": 0.9888888888888889,
          "f1-score": 0.9544235924932977,
          "support": 180
     },
     "accuracy": 0.915,
     "macro avg": {
          "precision": 0.8182827535159141,
          "recall": 0.6194444444444445,
          "f1-score": 0.662396981431834,
          "support": 200
     },
     "weighted avg": {
          "precision": 0.901480384900074,
          "recall": 0.915,
          "f1-score": 0.896018270281005,
          "support": 200
     }
}{
 "runtime": 123.55993422679603
}{
     "0": {
          "precision": 0.3333333333333333,
          "recall": 0.05,
          "f1-score": 0.08695652173913045,
          "support": 20
     },
     "1": {
          "precision": 0.9035532994923858,
          "recall": 0.9888888888888889,
          "f1-score": 0.9442970822281167,
          "support": 180
     },
     "accuracy": 0.895,
     "macro avg": {
          "precision": 0.6184433164128595,
          "recall": 0.5194444444444445,
          "f1-score": 0.5156268019836235,
          "support": 200
     },
     "weighted avg": {
          "precision": 0.8465313028764805,
          "recall": 0.895,
          "f1-score": 0.858563026179218,
          "support": 200
     }
}{
 "runtime": 122.5681042931974
}{
     "0": {
          "precision": 0.5,
          "recall": 0.05,
          "f1-score": 0.09090909090909091,
          "support": 20
     },
     "1": {
          "precision": 0.9040404040404041,
          "recall": 0.9944444444444445,
          "f1-score": 0.9470899470899472,
          "support": 180
     },
     "accuracy": 0.9,
     "macro avg": {
          "precision": 0.702020202020202,
          "recall": 0.5222222222222223,
          "f1-score": 0.518999518999519,
          "support": 200
     },
     "weighted avg": {
          "precision": 0.8636363636363638,
          "recall": 0.9,
          "f1-score": 0.8614718614718616,
          "support": 200
     }
}{
 "runtime": 124.46496465057135
}{
     "0": {
          "precision": 0.75,
          "recall": 0.3,
          "f1-score": 0.4285714285714285,
          "support": 20
     },
     "1": {
          "precision": 0.9270833333333334,
          "recall": 0.9888888888888889,
          "f1-score": 0.9569892473118279,
          "support": 180
     },
     "accuracy": 0.92,
     "macro avg": {
          "precision": 0.8385416666666667,
          "recall": 0.6444444444444445,
          "f1-score": 0.6927803379416282,
          "support": 200
     },
     "weighted avg": {
          "precision": 0.909375,
          "recall": 0.92,
          "f1-score": 0.9041474654377879,
          "support": 200
     }
}{
 "runtime": 124.0229524448514
}{
     "0": {
          "precision": 0.4,
          "recall": 0.1,
          "f1-score": 0.16000000000000003,
          "support": 20
     },
     "1": {
          "precision": 0.9076923076923077,
          "recall": 0.9833333333333333,
          "f1-score": 0.944,
          "support": 180
     },
     "accuracy": 0.895,
     "macro avg": {
          "precision": 0.6538461538461539,
          "recall": 0.5416666666666666,
          "f1-score": 0.552,
          "support": 200
     },
     "weighted avg": {
          "precision": 0.8569230769230769,
          "recall": 0.895,
          "f1-score": 0.8655999999999999,
          "support": 200
     }
}{
 "runtime": 123.40670156478882
}{
     "1": 0.5443880356265495,
     "2": 0.3588600779629235,
     "3": 0.36055512754639896,
     "4": 0.5825613939987594,
     "5": 0.4105585626111497
}{
 "overall_perf": 0.4513846395491562
}{
 "overall_runtime": 123.604531436041
}