	num_instances	performance
0	100	0.7137365916503395
1	200	0.7591229567947524
2	300	0.7750527186143291
3	400	0.7601629491577235
4	500	0.7845588682003896
5	600	0.772540426994915
6	700	0.7690294010939962
7	800	0.7676480522869704
