	num_instances	performance
0	30	0.5904761904761905
1	42	0.49333333333333335
2	54	0.5
3	66	0.5504761904761905
4	78	0.4333333333333333
5	90	0.5333333333333333
6	102	0.45714285714285713
7	114	0.4207792207792208
8	126	0.37714285714285717
9	138	0.39896103896103896
10	150	0.39896103896103896
11	162	0.43428571428571433
12	174	0.4171428571428571
13	186	0.456103896103896
14	198	0.41714285714285715
15	210	0.2833333333333333
