	num_instances	performance
0	100	0.644884962442936
1	200	0.6845923516546064
2	300	0.6937886912254776
3	400	0.707589744891837
4	500	0.7200794192650609
5	600	0.7321153938076869
6	700	0.7335581512965439
7	800	0.7329728675934707
