	num_instances	performance
0	30	0.18625356125356124
1	70	0.37701116163704007
2	110	0.454985754985755
3	150	0.38735023202667723
4	190	0.5145283018867924
5	230	0.5627525130236994
6	270	0.5820890703499398
7	310	0.5542733943762581
8	350	0.5661871597399761
9	390	0.5896836587718082
10	400	0.6048704615945996
