{
    "num_instances": 24125,
    "distribution": {
        "unknown": 6083,
        "drama": 5964,
        "comedy": 4379,
        "horror": 1167,
        "action": 1098,
        "thriller": 966,
        "romance": 923,
        "western": 865,
        "crime": 568,
        "adventure": 526,
        "musical": 467,
        "crime drama": 464,
        "film noir": 345,
        "mystery": 310
    },
    "distribution_percentage": {
        "unknown": 25.214507772020728,
        "drama": 24.721243523316062,
        "comedy": 18.151295336787566,
        "horror": 4.837305699481866,
        "action": 4.551295336787565,
        "thriller": 4.0041450777202074,
        "romance": 3.8259067357512953,
        "western": 3.585492227979275,
        "crime": 2.3544041450777202,
        "adventure": 2.1803108808290155,
        "musical": 1.9357512953367875,
        "crime drama": 1.9233160621761658,
        "film noir": 1.4300518134715026,
        "mystery": 1.2849740932642488
    },
    "classes": [
        "unknown",
        "romance",
        "crime drama",
        "drama",
        "horror",
        "film noir",
        "musical",
        "thriller",
        "adventure",
        "comedy",
        "mystery",
        "western",
        "crime",
        "action"
    ]
}