{
          "query_strategy": "QueryInstanceUncertainty",
          "word_embedding": "glove",
          "neural network": "rnn",
          "dataset": "../data/SST-2/tsv/perc_60_40",
          "learning_rate": 0.1,
          "max epoch": 20,
          "mini batch size": 16,
          "stopping_criterion": 3,
          "seed": 5,
          "query batch size": 5
}{
  "train_length": 370,
  "test_length": 93
}{
 "seed set": [
  6,
  14,
  26,
  36,
  52,
  57,
  71,
  80,
  81,
  93,
  110,
  126,
  127,
  130,
  143,
  183,
  190,
  194,
  199,
  208,
  238,
  240,
  271,
  278,
  293,
  316,
  318,
  332,
  333,
  353
 ]
}{
 "runtime": 56.115321941673756
}{
     "0": {
          "precision": 0.68,
          "recall": 0.34,
          "f1-score": 0.4533333333333334,
          "support": 50
     },
     "1": {
          "precision": 0.5147058823529411,
          "recall": 0.813953488372093,
          "f1-score": 0.6306306306306305,
          "support": 43
     },
     "accuracy": 0.5591397849462365,
     "macro avg": {
          "precision": 0.5973529411764706,
          "recall": 0.5769767441860465,
          "f1-score": 0.541981981981982,
          "support": 93
     },
     "weighted avg": {
          "precision": 0.6035736875395319,
          "recall": 0.5591397849462365,
          "f1-score": 0.5353095030514385,
          "support": 93
     }
}{
    "30": 0.4946236559139785,
    "35": 0.4946236559139785,
    "40": 0.5268817204301075,
    "45": 0.5591397849462365
}{
  "train_length": 370,
  "test_length": 93
}{
 "seed set": [
  6,
  14,
  26,
  36,
  52,
  57,
  71,
  80,
  81,
  93,
  110,
  126,
  127,
  130,
  143,
  183,
  190,
  194,
  199,
  208,
  238,
  240,
  271,
  278,
  293,
  316,
  318,
  332,
  333,
  353
 ]
}{
 "runtime": 45.86879251804203
}{
     "0": {
          "precision": 0.7777777777777778,
          "recall": 0.358974358974359,
          "f1-score": 0.49122807017543857,
          "support": 39
     },
     "1": {
          "precision": 0.6666666666666666,
          "recall": 0.9259259259259259,
          "f1-score": 0.7751937984496123,
          "support": 54
     },
     "accuracy": 0.6881720430107527,
     "macro avg": {
          "precision": 0.7222222222222222,
          "recall": 0.6424501424501424,
          "f1-score": 0.6332109343125254,
          "support": 93
     },
     "weighted avg": {
          "precision": 0.7132616487455197,
          "recall": 0.6881720430107527,
          "f1-score": 0.65611139627012,
          "support": 93
     }
}{
    "30": 0.6559139784946236,
    "35": 0.6451612903225806,
    "40": 0.5806451612903226,
    "45": 0.6881720430107527
}{
  "train_length": 370,
  "test_length": 93
}{
 "seed set": [
  6,
  14,
  26,
  36,
  52,
  57,
  71,
  80,
  81,
  93,
  110,
  126,
  127,
  130,
  143,
  183,
  190,
  194,
  199,
  208,
  238,
  240,
  271,
  278,
  293,
  316,
  318,
  332,
  333,
  353
 ]
}{
 "runtime": 33.87755803298205
}{
     "0": {
          "precision": 0.7368421052631579,
          "recall": 0.2641509433962264,
          "f1-score": 0.3888888888888889,
          "support": 53
     },
     "1": {
          "precision": 0.47297297297297297,
          "recall": 0.875,
          "f1-score": 0.6140350877192983,
          "support": 40
     },
     "accuracy": 0.5268817204301075,
     "macro avg": {
          "precision": 0.6049075391180654,
          "recall": 0.5695754716981132,
          "f1-score": 0.5014619883040936,
          "support": 93
     },
     "weighted avg": {
          "precision": 0.6233500053534009,
          "recall": 0.5268817204301075,
          "f1-score": 0.4857259636546564,
          "support": 93
     }
}{
    "30": 0.5806451612903226,
    "35": 0.5698924731182796,
    "40": 0.5806451612903226,
    "45": 0.5268817204301075
}{
  "train_length": 371,
  "test_length": 92
}{
 "seed set": [
  6,
  14,
  26,
  36,
  52,
  57,
  71,
  80,
  81,
  93,
  110,
  126,
  127,
  130,
  143,
  183,
  190,
  194,
  199,
  208,
  238,
  240,
  271,
  278,
  293,
  316,
  318,
  332,
  333,
  353
 ]
}{
 "runtime": 42.68970021698624
}{
     "0": {
          "precision": 0.5277777777777778,
          "recall": 0.5,
          "f1-score": 0.5135135135135136,
          "support": 38
     },
     "1": {
          "precision": 0.6607142857142857,
          "recall": 0.6851851851851852,
          "f1-score": 0.6727272727272727,
          "support": 54
     },
     "accuracy": 0.6086956521739131,
     "macro avg": {
          "precision": 0.5942460317460317,
          "recall": 0.5925925925925926,
          "f1-score": 0.5931203931203932,
          "support": 92
     },
     "weighted avg": {
          "precision": 0.6058057280883368,
          "recall": 0.6086956521739131,
          "f1-score": 0.6069650678346331,
          "support": 92
     }
}{
    "30": 0.5760869565217391,
    "35": 0.5978260869565217,
    "40": 0.6086956521739131,
    "45": 0.6086956521739131
}{
  "train_length": 371,
  "test_length": 92
}{
 "seed set": [
  6,
  14,
  26,
  36,
  52,
  57,
  71,
  80,
  81,
  93,
  110,
  126,
  127,
  130,
  143,
  183,
  190,
  194,
  199,
  208,
  238,
  240,
  271,
  278,
  293,
  316,
  318,
  332,
  333,
  353
 ]
}{
 "runtime": 48.7279907874763
}{
     "0": {
          "precision": 0.02631578947368421,
          "recall": 0.2,
          "f1-score": 0.046511627906976744,
          "support": 5
     },
     "1": {
          "precision": 0.9259259259259259,
          "recall": 0.5747126436781609,
          "f1-score": 0.7092198581560283,
          "support": 87
     },
     "accuracy": 0.5543478260869565,
     "macro avg": {
          "precision": 0.47612085769980506,
          "recall": 0.3873563218390804,
          "f1-score": 0.3778657430315025,
          "support": 92
     },
     "weighted avg": {
          "precision": 0.8770340706839563,
          "recall": 0.5543478260869565,
          "f1-score": 0.6732031065120581,
          "support": 92
     }
}{
    "30": 0.42391304347826086,
    "35": 0.6086956521739131,
    "40": 0.4673913043478261,
    "45": 0.5543478260869565
}