	num_instances	performance
0	100	0.47032890376931275
1	200	0.47617880704061627
2	300	0.49974561726678923
3	400	0.5065754754999114
4	500	0.5138977607016493
5	600	0.543795030259498
6	700	0.5672474915822011
7	800	0.5681315916063925
