	num_instances	performance
0	30	0.26404379933791694
1	45	0.28924327865117333
2	60	0.3355430680430681
3	75	0.47335137085137086
4	90	0.5771520146520146
5	105	0.5517135642135642
6	120	0.5581457431457432
7	135	0.5168795093795093
8	150	0.520530303030303
9	165	0.5739430014430015
10	180	0.5398665223665223
11	195	0.4694624819624821
12	210	0.4789069264069264
13	225	0.5412878787878789
14	240	0.5681529581529581
15	255	0.4942784992784993
