	num_instances	performance
0	100	0.6501882649522668
1	200	0.6738782480771104
2	300	0.6967728483144531
3	400	0.6951131369416796
4	500	0.7008297398965768
5	600	0.7104913542430653
6	700	0.7233384385573348
7	800	0.7333139935624605
