	num_instances	performance
0	100	0.5869401817029513
1	200	0.6411636883380956
2	300	0.6590734725312273
3	400	0.6767535587266457
4	500	0.7021550947086013
5	600	0.7102039621966475
6	700	0.7125201882973219
7	800	0.7201772015706995
