	num_instances	performance
0	100	0.5035231780408447
1	200	0.5833644129033708
2	300	0.61381363901937
3	400	0.6554109722692563
4	500	0.644377118728992
5	600	0.688652804066184
6	700	0.6794456686427671
7	800	0.6967904408684261
