{
        "word_embedding": "glove",
        "neural network": "rnn",
        "dataset": "../data/movie/tsv/500_80_20",
        "learning_rate": 0.1,
        "max epoch": 100,
        "mini batch size": 16,
        "seed": 5,
        "performance_measure": "f1"
}{
     "neg": {
          "precision": 0.7865168539325843,
          "recall": 0.875,
          "f1-score": 0.8284023668639053,
          "support": 80
     },
     "pos": {
          "precision": 0.09090909090909091,
          "recall": 0.05,
          "f1-score": 0.06451612903225806,
          "support": 20
     },
     "accuracy": 0.71,
     "macro avg": {
          "precision": 0.4387129724208376,
          "recall": 0.4625,
          "f1-score": 0.44645924794808167,
          "support": 100
     },
     "weighted avg": {
          "precision": 0.6473953013278856,
          "recall": 0.71,
          "f1-score": 0.675625119297576,
          "support": 100
     }
}{
 "runtime": 310.7921981308609
}{
     "neg": {
          "precision": 0.8061224489795918,
          "recall": 0.9875,
          "f1-score": 0.8876404494382023,
          "support": 80
     },
     "pos": {
          "precision": 0.5,
          "recall": 0.05,
          "f1-score": 0.09090909090909091,
          "support": 20
     },
     "accuracy": 0.8,
     "macro avg": {
          "precision": 0.653061224489796,
          "recall": 0.51875,
          "f1-score": 0.4892747701736466,
          "support": 100
     },
     "weighted avg": {
          "precision": 0.7448979591836735,
          "recall": 0.8,
          "f1-score": 0.7282941777323799,
          "support": 100
     }
}{
 "runtime": 284.3756609428674
}{
     "neg": {
          "precision": 0.8085106382978723,
          "recall": 0.95,
          "f1-score": 0.8735632183908046,
          "support": 80
     },
     "pos": {
          "precision": 0.3333333333333333,
          "recall": 0.1,
          "f1-score": 0.15384615384615383,
          "support": 20
     },
     "accuracy": 0.78,
     "macro avg": {
          "precision": 0.5709219858156028,
          "recall": 0.525,
          "f1-score": 0.5137046861184792,
          "support": 100
     },
     "weighted avg": {
          "precision": 0.7134751773049645,
          "recall": 0.78,
          "f1-score": 0.7296198054818746,
          "support": 100
     }
}{
 "runtime": 338.480066280812
}{
     "neg": {
          "precision": 0.8125,
          "recall": 0.975,
          "f1-score": 0.8863636363636362,
          "support": 80
     },
     "pos": {
          "precision": 0.5,
          "recall": 0.1,
          "f1-score": 0.16666666666666669,
          "support": 20
     },
     "accuracy": 0.8,
     "macro avg": {
          "precision": 0.65625,
          "recall": 0.5375,
          "f1-score": 0.5265151515151515,
          "support": 100
     },
     "weighted avg": {
          "precision": 0.75,
          "recall": 0.8,
          "f1-score": 0.7424242424242423,
          "support": 100
     }
}{
 "runtime": 352.714653685689
}{
     "neg": {
          "precision": 0.8470588235294118,
          "recall": 0.9,
          "f1-score": 0.8727272727272727,
          "support": 80
     },
     "pos": {
          "precision": 0.4666666666666667,
          "recall": 0.35,
          "f1-score": 0.4,
          "support": 20
     },
     "accuracy": 0.79,
     "macro avg": {
          "precision": 0.6568627450980392,
          "recall": 0.625,
          "f1-score": 0.6363636363636364,
          "support": 100
     },
     "weighted avg": {
          "precision": 0.7709803921568628,
          "recall": 0.79,
          "f1-score": 0.7781818181818181,
          "support": 100
     }
}{
 "runtime": 328.998750558123
}{
     "1": 0.06451612903225806,
     "2": 0.09090909090909091,
     "3": 0.15384615384615383,
     "4": 0.16666666666666669,
     "5": 0.4
}{
 "overall_perf": 0.1751876080908339
}