	num_instances	performance
0	30	0.5074455877539193
1	130	0.5034389002214361
2	230	0.5450776612447936
3	330	0.5994976938004761
4	400	0.6634154818559777
