	num_instances	performance
0	100	0.7231886972654372
1	200	0.7369803392751758
2	300	0.7623079193468211
3	400	0.7745827551369722
4	500	0.7722654593749771
5	600	0.7933161242744774
6	700	0.7744397097139538
7	800	0.7796120372129689
