	num_instances	performance
0	100	0.6152925953108948
1	200	0.682986025252906
2	300	0.7074130899492979
3	400	0.7360371844375327
4	500	0.741914795670063
5	600	0.743385424802619
6	700	0.7517471930204441
7	800	0.7629705073883647
