	num_instances	performance
0	100	0.3990203620987982
1	200	0.4937787318274986
2	300	0.5108819056638894
3	400	0.5171625472408322
4	500	0.5841478225425926
5	600	0.6148269170814433
6	700	0.57453681044637
7	800	0.5817379356602204
