	num_instances	performance
0	100	0.2986666666666667
1	200	0.31178331608005316
2	300	0.3107662855799448
3	400	0.32389434158933295
4	500	0.31178331608005316
5	600	0.3360166149068261
6	700	0.3735843871857766
7	800	0.33392877712511193
