	num_instances	performance
0	100	0.47787195524193715
1	200	0.48455699250882595
2	300	0.5013862952489776
3	400	0.5186757821537988
4	500	0.5359559185187718
5	600	0.533259971819273
6	700	0.5417213188534952
7	800	0.5789357009554128
