	num_instances	performance
0	100	0.7298047074167331
1	200	0.854904046928333
2	300	0.8923754449780464
3	400	0.9143494916068502
4	500	0.9243049412994913
5	600	0.9335941982369143
6	700	0.9363930286831946
7	800	0.944757643042724
