	num_instances	performance
0	100	0.5534838249607166
1	200	0.6141568501435769
2	300	0.6345445393364022
3	400	0.6728410954902371
4	500	0.6811824181190517
5	600	0.6986627625617702
6	700	0.7075271885982307
7	800	0.7214970931710496
