{
        "word_embedding": "fasttext",
        "neural network": "rnn",
        "dataset": "../data/SST-2/tsv/1000_70_30",
        "learning_rate": 0.1,
        "max epoch": 100,
        "mini batch size": 16,
        "seed": 5,
        "performance_measure": "g-mean"
}{
     "0": {
          "precision": 0.7368421052631579,
          "recall": 0.4666666666666667,
          "f1-score": 0.5714285714285714,
          "support": 60
     },
     "1": {
          "precision": 0.8024691358024691,
          "recall": 0.9285714285714286,
          "f1-score": 0.8609271523178809,
          "support": 140
     },
     "accuracy": 0.79,
     "macro avg": {
          "precision": 0.7696556205328136,
          "recall": 0.6976190476190476,
          "f1-score": 0.7161778618732262,
          "support": 200
     },
     "weighted avg": {
          "precision": 0.7827810266406757,
          "recall": 0.79,
          "f1-score": 0.774077578051088,
          "support": 200
     }
}{
 "runtime": 45.72776413708925
}{
     "0": {
          "precision": 0.7291666666666666,
          "recall": 0.5833333333333334,
          "f1-score": 0.6481481481481481,
          "support": 60
     },
     "1": {
          "precision": 0.8355263157894737,
          "recall": 0.9071428571428571,
          "f1-score": 0.8698630136986301,
          "support": 140
     },
     "accuracy": 0.81,
     "macro avg": {
          "precision": 0.7823464912280702,
          "recall": 0.7452380952380953,
          "f1-score": 0.7590055809233891,
          "support": 200
     },
     "weighted avg": {
          "precision": 0.8036184210526315,
          "recall": 0.81,
          "f1-score": 0.8033485540334854,
          "support": 200
     }
}{
 "runtime": 46.21850907057524
}{
     "0": {
          "precision": 0.8863636363636364,
          "recall": 0.65,
          "f1-score": 0.75,
          "support": 60
     },
     "1": {
          "precision": 0.8653846153846154,
          "recall": 0.9642857142857143,
          "f1-score": 0.9121621621621622,
          "support": 140
     },
     "accuracy": 0.87,
     "macro avg": {
          "precision": 0.8758741258741258,
          "recall": 0.8071428571428572,
          "f1-score": 0.8310810810810811,
          "support": 200
     },
     "weighted avg": {
          "precision": 0.8716783216783217,
          "recall": 0.87,
          "f1-score": 0.8635135135135136,
          "support": 200
     }
}{
 "runtime": 46.58400147408247
}{
     "0": {
          "precision": 0.8,
          "recall": 0.6666666666666666,
          "f1-score": 0.7272727272727272,
          "support": 60
     },
     "1": {
          "precision": 0.8666666666666667,
          "recall": 0.9285714285714286,
          "f1-score": 0.896551724137931,
          "support": 140
     },
     "accuracy": 0.85,
     "macro avg": {
          "precision": 0.8333333333333334,
          "recall": 0.7976190476190477,
          "f1-score": 0.8119122257053291,
          "support": 200
     },
     "weighted avg": {
          "precision": 0.8466666666666667,
          "recall": 0.85,
          "f1-score": 0.8457680250783699,
          "support": 200
     }
}{
 "runtime": 46.64886105619371
}{
     "0": {
          "precision": 0.7454545454545455,
          "recall": 0.6833333333333333,
          "f1-score": 0.7130434782608696,
          "support": 60
     },
     "1": {
          "precision": 0.8689655172413793,
          "recall": 0.9,
          "f1-score": 0.8842105263157896,
          "support": 140
     },
     "accuracy": 0.835,
     "macro avg": {
          "precision": 0.8072100313479624,
          "recall": 0.7916666666666667,
          "f1-score": 0.7986270022883295,
          "support": 200
     },
     "weighted avg": {
          "precision": 0.8319122257053292,
          "recall": 0.835,
          "f1-score": 0.8328604118993135,
          "support": 200
     }
}{
 "runtime": 47.22285781055689
}{
     "1": 0.6914753034187809,
     "2": 0.7424188267317271,
     "3": 0.8046916001975983,
     "4": 0.7958972175804995,
     "5": 0.7904798120972688
}{
 "overall_perf": 0.764992552005175
}{
 "overall_runtime": 46.480398709699514
}