	num_instances	performance
0	100	0.5396414311688816
1	200	0.5601803255079617
2	300	0.5786588374773983
3	400	0.6093161396172089
4	500	0.6560207104854197
5	600	0.7154959491398772
6	700	0.7380738636181651
7	800	0.7871627968027254
