	num_instances	performance
0	30	0.1844777285024963
1	70	0.1814481856815953
2	110	0.27999272436247225
3	150	0.3791606467148263
4	190	0.4069469786552956
5	230	0.5153537502292316
6	270	0.534540380254666
7	310	0.5440704746876396
8	350	0.5462141779788838
9	390	0.5479854320412512
10	400	0.5387818595938729
