	num_instances	performance
0	100	0.5253785040870482
1	200	0.5535449289124125
2	300	0.5805201662766282
3	400	0.582492055649656
4	500	0.5921272287751624
5	600	0.6052794840017108
6	700	0.6125989150567641
7	800	0.6016609497364331
