	num_instances	performance
0	100	0.35387427354363976
1	200	0.4657242300573249
2	300	0.5487837203134628
3	400	0.5750734794033907
4	500	0.6100928814540538
5	600	0.48578104840268266
6	700	0.6034340577443394
7	800	0.6119281391468179
