	num_instances	performance
0	30	0.13892620383186421
1	60	0.2560749413380992
2	90	0.3507825118351434
3	120	0.4036929028418391
4	150	0.44020325203252036
5	180	0.47669587666060015
6	210	0.4594577453622959
7	240	0.4754074074074074
8	270	0.5397434948822296
9	300	0.5474668649129198
10	330	0.5597186147186146
11	360	0.5424676708456346
12	390	0.5480593770173524
13	400	0.5369984097867955
