	num_instances	performance
0	30	0.4849538852999288
1	130	0.5446763655306718
2	230	0.5939831982477781
3	330	0.6087966445036754
4	400	0.6340458545318614
