	num_instances	performance
0	100	0.60033918637351
1	200	0.6511800523681623
2	300	0.6852913058698579
3	400	0.7223254095699102
4	500	0.7323755968542148
5	600	0.7368406097860519
6	700	0.755178815709554
7	800	0.7552510424869334
