	num_instances	performance
0	100	0.5709562363486096
1	200	0.5978835924189234
2	300	0.6055604768662176
3	400	0.6440321102590345
4	500	0.6332740255609289
5	600	0.6597588795914875
6	700	0.6752452413229346
7	800	0.6964743770374001
8	900	0.7093886428919494
9	1000	0.7187493813241292
10	1100	0.723122880076666
11	1200	0.7200998065896536
12	1300	0.7254604679346686
13	1400	0.728601371631491
14	1500	0.7268914820172312
15	1600	0.7319090085825178
