	num_instances	performance
0	30	0.17779250319572898
1	70	0.22835883071177188
2	110	0.26574949277956794
3	150	0.3768432068432068
4	190	0.4599156657296192
5	230	0.5184571869621704
6	270	0.53267523407408
7	310	0.5481092143356295
8	350	0.533063973063973
9	390	0.534451729483527
10	400	0.6032340396956665
