	num_instances	performance
0	100	0.7210100192085103
1	200	0.7572351597206703
2	300	0.7763118147046539
3	400	0.7805555443559443
4	500	0.7977235375028692
5	600	0.7693663282900369
6	700	0.7893306378063079
7	800	0.7828362136053428
