	num_instances	performance
0	100	0.5157525160271952
1	200	0.5114709180015836
2	300	0.5066306500920078
3	400	0.5371533114870908
4	500	0.53622972389896
5	600	0.5362119769831897
6	700	0.5527665748532258
7	800	0.5664408958698716
