{
         "word_embedding": "fasttext",
         "document_embedding": "RNN",
         "neural network": "rnn",
         "dataset": "../data/SST-2/tsv/1000_70_30",
         "learning_rate": 0.1,
         "max epoch": 100,
         "mini batch size": 16,
         "seed": 5,
         "performance_measure": "g-mean"
}{
     "0": {
          "precision": 0.7631578947368421,
          "recall": 0.48333333333333334,
          "f1-score": 0.5918367346938777,
          "support": 60
     },
     "1": {
          "precision": 0.808641975308642,
          "recall": 0.9357142857142857,
          "f1-score": 0.8675496688741722,
          "support": 140
     },
     "accuracy": 0.8,
     "macro avg": {
          "precision": 0.785899935022742,
          "recall": 0.7095238095238096,
          "f1-score": 0.729693201784025,
          "support": 200
     },
     "weighted avg": {
          "precision": 0.7949967511371021,
          "recall": 0.8,
          "f1-score": 0.7848357886200839,
          "support": 200
     }
}{
 "runtime": 35.23592142947018
}{
     "0": {
          "precision": 0.7446808510638298,
          "recall": 0.5833333333333334,
          "f1-score": 0.6542056074766355,
          "support": 60
     },
     "1": {
          "precision": 0.8366013071895425,
          "recall": 0.9142857142857143,
          "f1-score": 0.8737201365187712,
          "support": 140
     },
     "accuracy": 0.815,
     "macro avg": {
          "precision": 0.7906410791266861,
          "recall": 0.7488095238095238,
          "f1-score": 0.7639628719977034,
          "support": 200
     },
     "weighted avg": {
          "precision": 0.8090251703518286,
          "recall": 0.815,
          "f1-score": 0.8078657778061304,
          "support": 200
     }
}{
 "runtime": 35.37903994880617
}{
     "0": {
          "precision": 0.8666666666666667,
          "recall": 0.65,
          "f1-score": 0.7428571428571429,
          "support": 60
     },
     "1": {
          "precision": 0.864516129032258,
          "recall": 0.9571428571428572,
          "f1-score": 0.9084745762711866,
          "support": 140
     },
     "accuracy": 0.865,
     "macro avg": {
          "precision": 0.8655913978494624,
          "recall": 0.8035714285714286,
          "f1-score": 0.8256658595641647,
          "support": 200
     },
     "weighted avg": {
          "precision": 0.8651612903225806,
          "recall": 0.865,
          "f1-score": 0.8587893462469733,
          "support": 200
     }
}{
 "runtime": 35.57697292417288
}{
     "0": {
          "precision": 0.74,
          "recall": 0.6166666666666667,
          "f1-score": 0.6727272727272727,
          "support": 60
     },
     "1": {
          "precision": 0.8466666666666667,
          "recall": 0.9071428571428571,
          "f1-score": 0.8758620689655173,
          "support": 140
     },
     "accuracy": 0.82,
     "macro avg": {
          "precision": 0.7933333333333333,
          "recall": 0.7619047619047619,
          "f1-score": 0.774294670846395,
          "support": 200
     },
     "weighted avg": {
          "precision": 0.8146666666666667,
          "recall": 0.82,
          "f1-score": 0.814921630094044,
          "support": 200
     }
}{
 "runtime": 35.96832469291985
}{
     "0": {
          "precision": 0.7450980392156863,
          "recall": 0.6333333333333333,
          "f1-score": 0.6846846846846847,
          "support": 60
     },
     "1": {
          "precision": 0.8523489932885906,
          "recall": 0.9071428571428571,
          "f1-score": 0.8788927335640139,
          "support": 140
     },
     "accuracy": 0.825,
     "macro avg": {
          "precision": 0.7987235162521384,
          "recall": 0.7702380952380952,
          "f1-score": 0.7817887091243493,
          "support": 200
     },
     "weighted avg": {
          "precision": 0.8201737070667192,
          "recall": 0.825,
          "f1-score": 0.8206303189002151,
          "support": 200
     }
}{
 "runtime": 36.2008842676878
}{
     "1": 0.7037315505489968,
     "2": 0.7458783572470271,
     "3": 0.8012200518138394,
     "4": 0.7596866521953702,
     "5": 0.7682889151503209
}{
 "overall_perf": 0.7557611053911109
}{
 "overall_runtime": 35.67222865261137
}