	num_instances	performance
0	100	0.5290571315637366
1	200	0.5422327673900526
2	300	0.5533770814205807
3	400	0.5904912448415489
4	500	0.5799491051431971
5	600	0.6073665898119734
6	700	0.6819939391381705
7	800	0.7975279698954335
