	num_instances	performance
0	100	0.6617001565250731
1	200	0.6698788138272277
2	300	0.7096209957711243
3	400	0.7245407294613637
4	500	0.7431043501436427
5	600	0.7457471542889313
6	700	0.7390623499156056
7	800	0.7432572793047832
