	num_instances	performance
0	100	0.6376964667440496
1	200	0.7138747684142741
2	300	0.7422831722000401
3	400	0.7670717045109741
4	500	0.7953528718763735
5	600	0.796512144310937
6	700	0.8061699973868333
7	800	0.7999709132854063
