	num_instances	performance
0	100	0.5660948706584293
1	200	0.6251667622193615
2	300	0.687726754145331
3	400	0.7084745384416026
4	500	0.7109529949225918
5	600	0.7184860517878808
6	700	0.7259807785956955
7	800	0.7325821487128269
