	num_instances	performance
0	100	0.5129183475149345
1	200	0.5631777931040132
2	300	0.6049180938873218
3	400	0.6109758033991423
4	500	0.6082716052753158
5	600	0.6054328462472347
6	700	0.6400618527727946
7	800	0.6469730741594322
