	num_instances	performance
0	30	0.7639266193461296
1	45	0.7627510640619883
2	60	0.7518686676033447
3	75	0.7772478392687452
4	90	0.7351337032827995
5	105	0.7419007092198582
6	120	0.7364437430846529
7	135	0.7496371882086168
8	150	0.7571503589578124
9	165	0.769172216254923
10	180	0.753472049689441
11	195	0.7288752674593988
12	210	0.7627261165335699
13	225	0.7367821210621803
14	240	0.701311249137336
15	255	0.7131476466795615
