	num_instances	performance
0	100	0.3114499827467198
1	200	0.4232059137496707
2	300	0.5474449989174996
3	400	0.5719414449253615
4	500	0.5825121282379971
5	600	0.6284751539293234
6	700	0.6493869885010652
7	800	0.5487711261050741
