	num_instances	performance
0	30	0.916
1	50	0.8939999999999999
2	70	0.9039999999999999
3	90	0.898
4	110	0.916
5	130	0.9039999999999999
6	150	0.9120000000000001
7	170	0.9259999999999999
8	190	0.9120000000000001
9	210	0.9099999999999999
10	230	0.8960000000000001
11	250	0.8960000000000001
12	270	0.8960000000000001
13	290	0.89
14	310	0.882
15	330	0.9099999999999999
16	350	0.906
17	370	0.8879999999999999
18	390	0.898
19	400	0.8940000000000001
