	num_instances	performance
0	100	0.3218597927568718
1	200	0.3339882839192493
2	300	0.3202163744351978
3	400	0.34251359202947734
4	500	0.34637318939700323
5	600	0.3695133217427466
6	700	0.42070125978595935
7	800	0.4294899904629557
