{
       "word_embedding": "glove",
       "neural network": "rnn",
       "dataset": "../data/SST-2/tsv/perc_70_30",
       "learning_rate": 0.1,
       "max epoch": 100,
       "mini batch size": 16,
       "seed": 5
}{
     "0": {
          "precision": 0.5714285714285714,
          "recall": 0.16666666666666666,
          "f1-score": 0.25806451612903225,
          "support": 24
     },
     "1": {
          "precision": 0.726027397260274,
          "recall": 0.9464285714285714,
          "f1-score": 0.8217054263565892,
          "support": 56
     },
     "accuracy": 0.7125,
     "macro avg": {
          "precision": 0.6487279843444227,
          "recall": 0.5565476190476191,
          "f1-score": 0.5398849712428107,
          "support": 80
     },
     "weighted avg": {
          "precision": 0.6796477495107632,
          "recall": 0.7125,
          "f1-score": 0.6526131532883221,
          "support": 80
     }
}{
 "runtime": 24.156339856795967
}{
     "0": {
          "precision": 0.52,
          "recall": 0.5416666666666666,
          "f1-score": 0.5306122448979592,
          "support": 24
     },
     "1": {
          "precision": 0.8,
          "recall": 0.7857142857142857,
          "f1-score": 0.7927927927927927,
          "support": 56
     },
     "accuracy": 0.7125,
     "macro avg": {
          "precision": 0.66,
          "recall": 0.6636904761904762,
          "f1-score": 0.661702518845376,
          "support": 80
     },
     "weighted avg": {
          "precision": 0.716,
          "recall": 0.7125,
          "f1-score": 0.7141386284243426,
          "support": 80
     }
}{
 "runtime": 20.29251869674772
}{
     "0": {
          "precision": 0.7333333333333333,
          "recall": 0.4583333333333333,
          "f1-score": 0.5641025641025641,
          "support": 24
     },
     "1": {
          "precision": 0.796875,
          "recall": 0.9272727272727272,
          "f1-score": 0.8571428571428571,
          "support": 55
     },
     "accuracy": 0.7848101265822784,
     "macro avg": {
          "precision": 0.7651041666666667,
          "recall": 0.6928030303030303,
          "f1-score": 0.7106227106227105,
          "support": 79
     },
     "weighted avg": {
          "precision": 0.7775712025316455,
          "recall": 0.7848101265822784,
          "f1-score": 0.7681179579913757,
          "support": 79
     }
}{
 "runtime": 18.754770887084305
}{
     "0": {
          "precision": 0.6111111111111112,
          "recall": 0.4583333333333333,
          "f1-score": 0.5238095238095238,
          "support": 24
     },
     "1": {
          "precision": 0.7868852459016393,
          "recall": 0.8727272727272727,
          "f1-score": 0.8275862068965518,
          "support": 55
     },
     "accuracy": 0.7468354430379747,
     "macro avg": {
          "precision": 0.6989981785063752,
          "recall": 0.665530303030303,
          "f1-score": 0.6756978653530379,
          "support": 79
     },
     "weighted avg": {
          "precision": 0.7334855087500866,
          "recall": 0.7468354430379747,
          "f1-score": 0.7352996196296065,
          "support": 79
     }
}{
 "runtime": 22.619728792458773
}{
     "0": {
          "precision": 0.7272727272727273,
          "recall": 0.34782608695652173,
          "f1-score": 0.4705882352941176,
          "support": 23
     },
     "1": {
          "precision": 0.7794117647058824,
          "recall": 0.9464285714285714,
          "f1-score": 0.8548387096774193,
          "support": 56
     },
     "accuracy": 0.7721518987341772,
     "macro avg": {
          "precision": 0.7533422459893049,
          "recall": 0.6471273291925466,
          "f1-score": 0.6627134724857684,
          "support": 79
     },
     "weighted avg": {
          "precision": 0.7642320449468625,
          "recall": 0.7721518987341772,
          "f1-score": 0.7429683184012681,
          "support": 79
     }
}{
 "runtime": 18.283719876781106
}{
     "1": 0.25806451612903225,
     "2": 0.5306122448979592,
     "3": 0.5641025641025641,
     "4": 0.5238095238095238,
     "5": 0.4705882352941176
}{
 "overall_perf": 0.4694354168466394
}