	num_instances	performance
0	100	0.30000000000000004
1	200	0.34248379759105735
2	300	0.36882080796883476
3	400	0.3639610852510565
4	500	0.4058606251693039
5	600	0.39534925967321183
6	700	0.417996582333194
7	800	0.44311286144511886
