	num_instances	performance
0	100	0.551245708623165
1	200	0.6250792215579193
2	300	0.6759115926234249
3	400	0.6954057700450306
4	500	0.7007390754274264
5	600	0.7260083967603396
6	700	0.7244076403841855
7	800	0.7322977212381104
