	num_instances	performance
0	100	0.6332248374636876
1	200	0.6742976295238071
2	300	0.7162541504293573
3	400	0.7543117077788635
4	500	0.7624299505009418
5	600	0.7737512119574061
6	700	0.7661433589715846
7	800	0.7578555682051423
