	num_instances	performance
0	100	0.7210111746002968
1	200	0.7453038075544727
2	300	0.8095075011371351
3	400	0.8077633738168866
4	500	0.838202044315184
5	600	0.8485433084413068
6	700	0.8311355171855617
7	800	0.8422695089906963
