	num_instances	performance
0	100	0.4532573508084058
1	200	0.47593309673008405
2	300	0.49594247312287687
3	400	0.49942438422371316
4	500	0.5211165685086243
5	600	0.5131389479127564
6	700	0.5306824837613604
7	800	0.5419568865000489
