	num_instances	performance
0	100	0.5806021067843034
1	200	0.5942754526741854
2	300	0.5958839462704769
3	400	0.6081139345758335
4	500	0.631151347283617
5	600	0.6489409635547578
6	700	0.6694347977481294
7	800	0.6783490334767949
8	900	0.707518773319687
9	1000	0.7215933362836977
10	1100	0.716204995391289
11	1200	0.7169551278931726
12	1300	0.7223780601960058
13	1400	0.7246588799150022
14	1500	0.73413111531682
15	1600	0.7349783990790275
