	num_instances	performance
0	100	0.6041815164705584
1	200	0.6546361713181488
2	300	0.6973204994426798
3	400	0.7118385398770201
4	500	0.7478549918213118
5	600	0.7294414313992433
6	700	0.7607020073433314
7	800	0.755435732875364
