	num_instances	performance
0	30	0.01904761904761905
1	70	0.0
2	110	0.022222222222222223
3	150	0.1
4	190	0.06713286713286712
5	230	0.15897435897435896
6	270	0.23111111111111113
7	310	0.206951871657754
8	350	0.1986813186813187
9	390	0.2790823211875843
10	400	0.19183365653953893
