	num_instances	performance
0	100	0.6334269455520919
1	200	0.7449363066489864
2	300	0.7690795268857119
3	400	0.8090611148044419
4	500	0.8248065432576202
5	600	0.7992952139367928
6	700	0.8121632153618645
7	800	0.8016763567269575
