	num_instances	performance
0	100	0.6353830706366207
1	200	0.6775833624086769
2	300	0.6937809362340268
3	400	0.6929631711513506
4	500	0.7086114551828768
5	600	0.7115512123691822
6	700	0.7113332598517956
7	800	0.7247001344617492
8	900	0.7242423682037458
9	1000	0.724054497072863
10	1100	0.7256989909313397
11	1200	0.7370978517129261
12	1300	0.7326358845176899
13	1400	0.741238008123968
14	1500	0.7324188285424631
15	1600	0.7466923770859457
