	num_instances	performance
0	100	0.6089781758411746
1	200	0.664826467751522
2	300	0.7121688863157914
3	400	0.7265716708418206
4	500	0.7333278783414963
5	600	0.7564949847059976
6	700	0.7581563724541434
7	800	0.7536176766012797
