	num_instances	performance
0	100	0.3140916443764229
1	200	0.33403599868633466
2	300	0.3176624620833949
3	400	0.3515131082875508
4	500	0.3570038422935556
5	600	0.38771754225997246
6	700	0.38332026839583244
7	800	0.3915577308552278
8	900	0.38779849214933304
9	1000	0.45719353489641373
10	1100	0.42505300704093746
11	1200	0.4083531547384469
12	1300	0.47766466651653944
13	1400	0.4750304469306855
14	1500	0.44513737399062514
15	1600	0.4502249282978493
