	num_instances	performance
0	30	0.15834267834267832
1	70	0.27359733762172783
2	110	0.34299335861334923
3	150	0.4210808173419764
4	190	0.4736445705629306
5	230	0.46823315400496385
6	270	0.49862433862433864
7	310	0.5496629111853234
8	350	0.5413123975835841
9	390	0.5734263820470716
10	400	0.5932078810277718
