	num_instances	performance
0	30	0.14257964257964256
1	80	0.20188888126443882
2	130	0.26774269209051815
3	180	0.3905302607741632
4	230	0.4848842802331175
5	280	0.5150921499215357
6	330	0.5587943719334153
7	380	0.5369287050938236
8	400	0.5329443917305741
