{
        "word_embedding": "flair",
        "neural network": "rnn",
        "dataset": "../data/SST-2/tsv/500_90_10",
        "learning_rate": 0.1,
        "max epoch": 100,
        "mini batch size": 16,
        "seed": 5,
        "performance_measure": "f1"
}{
     "0": {
          "precision": 0.2,
          "recall": 0.1,
          "f1-score": 0.13333333333333333,
          "support": 10
     },
     "1": {
          "precision": 0.9052631578947369,
          "recall": 0.9555555555555556,
          "f1-score": 0.9297297297297298,
          "support": 90
     },
     "accuracy": 0.87,
     "macro avg": {
          "precision": 0.5526315789473685,
          "recall": 0.5277777777777778,
          "f1-score": 0.5315315315315315,
          "support": 100
     },
     "weighted avg": {
          "precision": 0.8347368421052631,
          "recall": 0.87,
          "f1-score": 0.8500900900900901,
          "support": 100
     }
}{
 "runtime": 307.43255995120853
}{
     "0": {
          "precision": 0.75,
          "recall": 0.3,
          "f1-score": 0.4285714285714285,
          "support": 10
     },
     "1": {
          "precision": 0.9270833333333334,
          "recall": 0.9888888888888889,
          "f1-score": 0.9569892473118279,
          "support": 90
     },
     "accuracy": 0.92,
     "macro avg": {
          "precision": 0.8385416666666667,
          "recall": 0.6444444444444445,
          "f1-score": 0.6927803379416282,
          "support": 100
     },
     "weighted avg": {
          "precision": 0.909375,
          "recall": 0.92,
          "f1-score": 0.9041474654377879,
          "support": 100
     }
}{
 "runtime": 257.3710495401174
}{
     "0": {
          "precision": 0.3333333333333333,
          "recall": 0.2,
          "f1-score": 0.25,
          "support": 10
     },
     "1": {
          "precision": 0.9148936170212766,
          "recall": 0.9555555555555556,
          "f1-score": 0.9347826086956522,
          "support": 90
     },
     "accuracy": 0.88,
     "macro avg": {
          "precision": 0.624113475177305,
          "recall": 0.5777777777777778,
          "f1-score": 0.5923913043478262,
          "support": 100
     },
     "weighted avg": {
          "precision": 0.8567375886524822,
          "recall": 0.88,
          "f1-score": 0.866304347826087,
          "support": 100
     }
}{
 "runtime": 251.6384957395494
}{
     "0": {
          "precision": 0.0,
          "recall": 0.0,
          "f1-score": 0.0,
          "support": 10
     },
     "1": {
          "precision": 0.8969072164948454,
          "recall": 0.9666666666666667,
          "f1-score": 0.93048128342246,
          "support": 90
     },
     "accuracy": 0.87,
     "macro avg": {
          "precision": 0.4484536082474227,
          "recall": 0.48333333333333334,
          "f1-score": 0.46524064171123,
          "support": 100
     },
     "weighted avg": {
          "precision": 0.8072164948453608,
          "recall": 0.87,
          "f1-score": 0.837433155080214,
          "support": 100
     }
}{
 "runtime": 265.99414694402367
}{
     "0": {
          "precision": 0.0,
          "recall": 0.0,
          "f1-score": 0.0,
          "support": 10
     },
     "1": {
          "precision": 0.8979591836734694,
          "recall": 0.9777777777777777,
          "f1-score": 0.9361702127659575,
          "support": 90
     },
     "accuracy": 0.88,
     "macro avg": {
          "precision": 0.4489795918367347,
          "recall": 0.4888888888888889,
          "f1-score": 0.46808510638297873,
          "support": 100
     },
     "weighted avg": {
          "precision": 0.8081632653061225,
          "recall": 0.88,
          "f1-score": 0.8425531914893617,
          "support": 100
     }
}{
 "runtime": 270.28839731309563
}{
     "1": 0.13333333333333333,
     "2": 0.4285714285714285,
     "3": 0.25,
     "4": 0.0,
     "5": 0.0
}{
 "overall_perf": 0.16238095238095235
}