	num_instances	performance
0	30	0.0
1	80	0.06153846153846153
2	130	0.0
3	180	0.028571428571428574
4	230	0.03636363636363636
5	280	0.08969696969696969
6	330	0.17546620046620048
7	380	0.22171162171162173
8	400	0.20837828837828837
