	num_instances	performance
0	100	0.6023821800117086
1	200	0.6659032875780856
2	300	0.6958626054042499
3	400	0.7115972421656742
4	500	0.7366596199444346
5	600	0.7612664640125637
6	700	0.7537898949648454
7	800	0.7392382068030647
