	num_instances	performance
0	30	0.19065826330532212
1	70	0.32367016263869886
2	110	0.31440377805362146
3	150	0.37548678601875535
4	190	0.4529469569273995
5	230	0.44312825017211493
6	270	0.44882063170095626
7	310	0.42169285569207043
8	350	0.4254952890247008
9	390	0.4113211846081756
10	400	0.4340996168582375
