	num_instances	performance
0	100	0.6642958309043994
1	200	0.7036451672985218
2	300	0.7273467118083685
3	400	0.7228893073495234
4	500	0.7366379242565468
5	600	0.725695237033073
6	700	0.7387176119225218
7	800	0.7332069555106692
