	num_instances	performance
0	100	0.4701842775220671
1	200	0.4663757742284762
2	300	0.45885928395882447
3	400	0.46730107497533835
4	500	0.4792240625791271
5	600	0.48157529955809475
6	700	0.5141748714289714
7	800	0.5260064947963393
