	num_instances	performance
0	100	0.5255265572094361
1	200	0.558936982645474
2	300	0.5457872283658616
3	400	0.5440467567551892
4	500	0.5440563533714499
5	600	0.5542392302509915
6	700	0.5371075511561372
7	800	0.5926055582750156
