	num_instances	performance
0	100	0.4857069966490169
1	200	0.47156432212284116
2	300	0.46220733374204404
3	400	0.5241462809373445
4	500	0.5323479061082368
5	600	0.5557511009666265
6	700	0.5725328482149034
7	800	0.5667863209523221
