	num_instances	performance
0	100	0.3394545977221949
1	200	0.31043868225925136
2	300	0.29733333333333334
3	400	0.3114499827467198
4	500	0.2996666666666667
5	600	0.33499401393188927
6	700	0.45425542453026574
7	800	0.3960691020289968
