	num_instances	performance
0	100	0.5933622567858502
1	200	0.6445797121275951
2	300	0.6736976513018618
3	400	0.6903735542854739
4	500	0.7135770368342894
5	600	0.7207367645099406
6	700	0.7274651914486068
7	800	0.7273853635755211
