	num_instances	performance
0	30	0.023529411764705882
1	80	0.05714285714285715
2	130	0.09790209790209789
3	180	0.13434065934065934
4	230	0.0641025641025641
5	280	0.12647352647352647
6	330	0.12427572427572428
7	380	0.12564102564102564
8	400	0.12867132867132866
