	num_instances	performance
0	100	0.594203240040244
1	200	0.6300143907678057
2	300	0.6521940073658399
3	400	0.6847718543391416
4	500	0.687677332591775
5	600	0.7130151171618
6	700	0.7251417602194455
7	800	0.7405120350844276
