	num_instances	performance
0	30	0.0
1	80	0.0
2	130	0.0
3	180	0.06713286713286712
4	230	0.13426573426573424
5	280	0.18759906759906758
6	330	0.20969696969696972
7	380	0.202296918767507
8	400	0.20969696969696972
