	num_instances	performance
0	100	0.46818555314078997
1	200	0.4539055668222874
2	300	0.5033972532273168
3	400	0.4689285393392099
4	500	0.5058853125008349
5	600	0.49038677010430876
6	700	0.5116999447875294
7	800	0.5339892428024892
