	num_instances	performance
0	100	0.5412755263162534
1	200	0.5495209628780646
2	300	0.5657222744576376
3	400	0.6221308702698728
4	500	0.6762300557474399
5	600	0.7257263486850596
6	700	0.7437599843460989
7	800	0.7950253722864157
