	num_instances	performance
0	100	0.5281212434150586
1	200	0.5444485534449744
2	300	0.5548073806446487
3	400	0.5626930180053085
4	500	0.5579433432023052
5	600	0.5898048715349204
6	700	0.5871053815011973
7	800	0.613574307634974
