	num_instances	performance
0	100	0.37808491796619764
1	200	0.48537117405774255
2	300	0.5089918330437373
3	400	0.526429091490089
4	500	0.5904996177089071
5	600	0.5784338726642109
6	700	0.6156596842042651
7	800	0.5590281732483299
