	num_instances	performance
0	100	0.48360169899214106
1	200	0.4929872802018373
2	300	0.5629651547452589
3	400	0.5597188767747372
4	500	0.5821358405583512
5	600	0.6018638949346463
6	700	0.5922840558778469
7	800	0.6216512639549775
