	num_instances	performance
0	100	0.5227186866418416
1	200	0.57496534155822
2	300	0.5906802373800182
3	400	0.6068394956029415
4	500	0.6261858927196895
5	600	0.6170604673274067
6	700	0.637653175339864
7	800	0.653075149368712
