	num_instances	performance
0	100	0.5893678477732976
1	200	0.640821154245619
2	300	0.646392065816061
3	400	0.6710469533522943
4	500	0.7121383800370396
5	600	0.7221427941372272
6	700	0.6977061405488455
7	800	0.7158973805317418
