	num_instances	performance
0	100	0.6554235460857905
1	200	0.6657290810833574
2	300	0.6711139601250783
3	400	0.67717576005119
4	500	0.6834298435551222
5	600	0.7104970850680596
6	700	0.6894147218816803
7	800	0.7184100579849652
