	num_instances	performance
0	100	0.5637428151858354
1	200	0.6226476332758353
2	300	0.6481139654931433
3	400	0.6769856987295924
4	500	0.7002564937728397
5	600	0.7118106186097755
6	700	0.716230832026482
7	800	0.7246815596731826
