	num_instances	performance
0	100	0.5400727131772963
1	200	0.5808925762639052
2	300	0.5798368807247122
3	400	0.651550523902146
4	500	0.6682154546263492
5	600	0.6929735512882556
6	700	0.7093898094390145
7	800	0.709087271576708
