	num_instances	performance
0	30	0.8699999999999999
1	50	0.8859999999999999
2	70	0.8940000000000001
3	90	0.9179999999999999
4	110	0.922
5	130	0.914
6	150	0.924
7	170	0.9119999999999999
8	190	0.898
9	210	0.9259999999999999
10	230	0.93
11	250	0.9039999999999999
12	270	0.924
13	290	0.9099999999999999
14	310	0.906
15	330	0.908
16	350	0.906
17	370	0.9
18	390	0.9
19	400	0.8959999999999999
