	num_instances	performance
0	100	0.534447948179383
1	200	0.9089296205531265
2	300	0.8858366129594705
3	400	0.9771470219359133
4	500	0.9776784491151188
5	600	0.9771301601543719
6	700	0.979824372495828
7	800	0.9798113746862466
