{
         "word_embedding": "glove",
         "document_embedding": "RNN",
         "neural network": "rnn",
         "dataset": "../data/SST-2/tsv/1000_90_10",
         "learning_rate": 0.1,
         "max epoch": 100,
         "mini batch size": 16,
         "seed": 5,
         "performance_measure": "g-mean"
}{
     "0": {
          "precision": 1.0,
          "recall": 0.1,
          "f1-score": 0.18181818181818182,
          "support": 20
     },
     "1": {
          "precision": 0.9090909090909091,
          "recall": 1.0,
          "f1-score": 0.9523809523809523,
          "support": 180
     },
     "accuracy": 0.91,
     "macro avg": {
          "precision": 0.9545454545454546,
          "recall": 0.55,
          "f1-score": 0.5670995670995671,
          "support": 200
     },
     "weighted avg": {
          "precision": 0.9181818181818181,
          "recall": 0.91,
          "f1-score": 0.8753246753246752,
          "support": 200
     }
}{
 "runtime": 34.7731262370944
}{
     "0": {
          "precision": 0.3333333333333333,
          "recall": 0.05,
          "f1-score": 0.08695652173913045,
          "support": 20
     },
     "1": {
          "precision": 0.9035532994923858,
          "recall": 0.9888888888888889,
          "f1-score": 0.9442970822281167,
          "support": 180
     },
     "accuracy": 0.895,
     "macro avg": {
          "precision": 0.6184433164128595,
          "recall": 0.5194444444444445,
          "f1-score": 0.5156268019836235,
          "support": 200
     },
     "weighted avg": {
          "precision": 0.8465313028764805,
          "recall": 0.895,
          "f1-score": 0.858563026179218,
          "support": 200
     }
}{
 "runtime": 32.55845962278545
}{
     "0": {
          "precision": 0.0,
          "recall": 0.0,
          "f1-score": 0.0,
          "support": 20
     },
     "1": {
          "precision": 0.8994974874371859,
          "recall": 0.9944444444444445,
          "f1-score": 0.9445910290237467,
          "support": 180
     },
     "accuracy": 0.895,
     "macro avg": {
          "precision": 0.44974874371859297,
          "recall": 0.49722222222222223,
          "f1-score": 0.47229551451187335,
          "support": 200
     },
     "weighted avg": {
          "precision": 0.8095477386934674,
          "recall": 0.895,
          "f1-score": 0.850131926121372,
          "support": 200
     }
}{
 "runtime": 31.431215323507786
}{
     "0": {
          "precision": 0.625,
          "recall": 0.25,
          "f1-score": 0.35714285714285715,
          "support": 20
     },
     "1": {
          "precision": 0.921875,
          "recall": 0.9833333333333333,
          "f1-score": 0.9516129032258064,
          "support": 180
     },
     "accuracy": 0.91,
     "macro avg": {
          "precision": 0.7734375,
          "recall": 0.6166666666666667,
          "f1-score": 0.6543778801843317,
          "support": 200
     },
     "weighted avg": {
          "precision": 0.8921875,
          "recall": 0.91,
          "f1-score": 0.8921658986175115,
          "support": 200
     }
}{
 "runtime": 34.57394805923104
}{
     "0": {
          "precision": 0.4,
          "recall": 0.1,
          "f1-score": 0.16000000000000003,
          "support": 20
     },
     "1": {
          "precision": 0.9076923076923077,
          "recall": 0.9833333333333333,
          "f1-score": 0.944,
          "support": 180
     },
     "accuracy": 0.895,
     "macro avg": {
          "precision": 0.6538461538461539,
          "recall": 0.5416666666666666,
          "f1-score": 0.552,
          "support": 200
     },
     "weighted avg": {
          "precision": 0.8569230769230769,
          "recall": 0.895,
          "f1-score": 0.8655999999999999,
          "support": 200
     }
}{
 "runtime": 32.039056558161974
}{
     "1": 0.4158124577258358,
     "2": 0.3588600779629235,
     "3": 0.29833333333333334,
     "4": 0.5424327915358117,
     "5": 0.4105585626111497
}{
 "overall_perf": 0.40519944463381086
}{
 "overall_runtime": 33.07516116015613
}