{
        "word_embedding": "glove",
        "neural network": "rnn",
        "dataset": "../data/SST-2/tsv/2000_70_30",
        "learning_rate": 0.1,
        "max epoch": 100,
        "mini batch size": 16,
        "seed": 5,
        "performance_measure": "g-mean"
}{
     "0": {
          "precision": 0.7666666666666667,
          "recall": 0.575,
          "f1-score": 0.6571428571428571,
          "support": 120
     },
     "1": {
          "precision": 0.8354838709677419,
          "recall": 0.925,
          "f1-score": 0.8779661016949153,
          "support": 280
     },
     "accuracy": 0.82,
     "macro avg": {
          "precision": 0.8010752688172043,
          "recall": 0.75,
          "f1-score": 0.7675544794188862,
          "support": 400
     },
     "weighted avg": {
          "precision": 0.8148387096774193,
          "recall": 0.82,
          "f1-score": 0.8117191283292979,
          "support": 400
     }
}{
 "runtime": 54.61664372496307
}{
     "0": {
          "precision": 0.7676767676767676,
          "recall": 0.6333333333333333,
          "f1-score": 0.6940639269406391,
          "support": 120
     },
     "1": {
          "precision": 0.8538205980066446,
          "recall": 0.9178571428571428,
          "f1-score": 0.8846815834767642,
          "support": 280
     },
     "accuracy": 0.8325,
     "macro avg": {
          "precision": 0.8107486828417061,
          "recall": 0.775595238095238,
          "f1-score": 0.7893727552087016,
          "support": 400
     },
     "weighted avg": {
          "precision": 0.8279774489076814,
          "recall": 0.8325,
          "f1-score": 0.8274962865159265,
          "support": 400
     }
}{
 "runtime": 63.20065882615745
}{
     "0": {
          "precision": 0.7117117117117117,
          "recall": 0.6583333333333333,
          "f1-score": 0.6839826839826839,
          "support": 120
     },
     "1": {
          "precision": 0.8581314878892734,
          "recall": 0.8857142857142857,
          "f1-score": 0.8717047451669596,
          "support": 280
     },
     "accuracy": 0.8175,
     "macro avg": {
          "precision": 0.7849215998004926,
          "recall": 0.7720238095238094,
          "f1-score": 0.7778437145748218,
          "support": 400
     },
     "weighted avg": {
          "precision": 0.8142055550360048,
          "recall": 0.8175,
          "f1-score": 0.8153881268116768,
          "support": 400
     }
}{
 "runtime": 66.88684447482228
}{
     "0": {
          "precision": 0.8255813953488372,
          "recall": 0.5916666666666667,
          "f1-score": 0.6893203883495146,
          "support": 120
     },
     "1": {
          "precision": 0.8439490445859873,
          "recall": 0.9464285714285714,
          "f1-score": 0.8922558922558922,
          "support": 280
     },
     "accuracy": 0.84,
     "macro avg": {
          "precision": 0.8347652199674123,
          "recall": 0.769047619047619,
          "f1-score": 0.7907881403027034,
          "support": 400
     },
     "weighted avg": {
          "precision": 0.8384387498148422,
          "recall": 0.84,
          "f1-score": 0.831375241083979,
          "support": 400
     }
}{
 "runtime": 69.23738090507686
}{
     "0": {
          "precision": 0.7142857142857143,
          "recall": 0.4583333333333333,
          "f1-score": 0.5583756345177665,
          "support": 120
     },
     "1": {
          "precision": 0.7987616099071208,
          "recall": 0.9214285714285714,
          "f1-score": 0.8557213930348259,
          "support": 280
     },
     "accuracy": 0.7825,
     "macro avg": {
          "precision": 0.7565236620964175,
          "recall": 0.6898809523809524,
          "f1-score": 0.7070485137762962,
          "support": 400
     },
     "weighted avg": {
          "precision": 0.7734188412206988,
          "recall": 0.7825,
          "f1-score": 0.7665176654797081,
          "support": 400
     }
}{
 "runtime": 73.82128869742155
}{
     "1": 0.7467261881037788,
     "2": 0.7735048942499145,
     "3": 0.7706832543733051,
     "4": 0.7657675887630659,
     "5": 0.6836354587616051
}{
 "overall_perf": 0.7480634768503339
}