	num_instances	performance
0	100	0.491238519809695
1	200	0.5521623248365082
2	300	0.585623560038315
3	400	0.594645037352641
4	500	0.5831054049142412
5	600	0.6264853503409076
6	700	0.631857707214771
7	800	0.6275337759485342
