	num_instances	performance
0	100	0.4343012249077848
1	200	0.40602844161898455
2	300	0.4222925245341598
3	400	0.43512962094358576
4	500	0.45156996554615364
5	600	0.5277449413566041
6	700	0.44889219047874274
7	800	0.48012560703299484
