	num_instances	performance
0	100	0.5799264608527837
1	200	0.6236993073627153
2	300	0.6621974174968679
3	400	0.6928713099349741
4	500	0.7113448750594905
5	600	0.7229957907977037
6	700	0.7376199075519094
7	800	0.7360338690502948
