	num_instances	performance
0	100	0.6374512414662592
1	200	0.6928120208422133
2	300	0.7087123820901272
3	400	0.7379472043729152
4	500	0.7488991236728763
5	600	0.7546002777844946
6	700	0.7596642539190106
7	800	0.7688133670720084
