	num_instances	performance
0	100	0.5886369086860845
1	200	0.5925241373202513
2	300	0.6460215100428888
3	400	0.6667956986772475
4	500	0.6852124382394525
5	600	0.7022029728656876
6	700	0.7203894842822176
7	800	0.7361268128879133
