	num_instances	performance
0	100	0.5098370026120098
1	200	0.5468633753205656
2	300	0.5583111637879659
3	400	0.5711015329756561
4	500	0.5977302655324228
5	600	0.5977097371145991
6	700	0.6064149985060737
7	800	0.6081986502439465
