	num_instances	performance
0	100	0.5180539287895669
1	200	0.5422404019262234
2	300	0.5636102384329718
3	400	0.5861299549475797
4	500	0.5777795071806555
5	600	0.599012032873931
6	700	0.606030562830707
7	800	0.5908789431846709
