	num_instances	performance
0	100	0.46569584615235204
1	200	0.488609594932917
2	300	0.49357769523684236
3	400	0.5018702363656058
4	500	0.5185944180312699
5	600	0.5361631933236
6	700	0.5422740623701057
7	800	0.5614499408143614
