	num_instances	performance
0	100	0.6035981937143594
1	200	0.6574686122611033
2	300	0.6667490054000519
3	400	0.6923812377336687
4	500	0.7240304082191557
5	600	0.741598651114922
6	700	0.7426795807185517
7	800	0.7554462326415807
