	num_instances	performance
0	30	0.10167345092718225
1	70	0.2686266416510319
2	110	0.28043134434111877
3	150	0.32934265734265733
4	190	0.38560408869780677
5	230	0.4280887447432746
6	270	0.39790872898463336
7	310	0.4421598365582652
8	350	0.5048471306142595
9	390	0.4174375332270069
10	400	0.45099777034559646
