	num_instances	performance
0	100	0.5956270346658064
1	200	0.6536021632036706
2	300	0.6926622194182535
3	400	0.6940634470826026
4	500	0.7021573746105908
5	600	0.7092229628204831
6	700	0.7176284286907433
7	800	0.7356428647431594
