	num_instances	performance
0	30	0.495620475646754
1	130	0.5468920143179065
2	230	0.614116371617196
3	330	0.6412130328390776
4	430	0.6368216267797526
5	530	0.6536025595488482
6	630	0.6695367009204612
7	730	0.6765693755768205
8	800	0.6983634614250164
