{
        "word_embedding": "glove",
        "neural network": "rnn",
        "dataset": "../data/SST-2/tsv/1500_70_30",
        "learning_rate": 0.1,
        "max epoch": 100,
        "mini batch size": 16,
        "seed": 5,
        "performance_measure": "g-mean"
}{
     "0": {
          "precision": 0.7796610169491526,
          "recall": 0.5111111111111111,
          "f1-score": 0.6174496644295301,
          "support": 90
     },
     "1": {
          "precision": 0.8174273858921162,
          "recall": 0.9380952380952381,
          "f1-score": 0.8736141906873613,
          "support": 210
     },
     "accuracy": 0.81,
     "macro avg": {
          "precision": 0.7985442014206343,
          "recall": 0.7246031746031746,
          "f1-score": 0.7455319275584458,
          "support": 300
     },
     "weighted avg": {
          "precision": 0.806097475209227,
          "recall": 0.81,
          "f1-score": 0.796764832810012,
          "support": 300
     }
}{
 "runtime": 57.867854066193104
}{
     "0": {
          "precision": 0.8,
          "recall": 0.4444444444444444,
          "f1-score": 0.5714285714285714,
          "support": 90
     },
     "1": {
          "precision": 0.8,
          "recall": 0.9523809523809523,
          "f1-score": 0.8695652173913043,
          "support": 210
     },
     "accuracy": 0.8,
     "macro avg": {
          "precision": 0.8,
          "recall": 0.6984126984126984,
          "f1-score": 0.7204968944099379,
          "support": 300
     },
     "weighted avg": {
          "precision": 0.8,
          "recall": 0.8,
          "f1-score": 0.7801242236024845,
          "support": 300
     }
}{
 "runtime": 55.261010555550456
}{
     "0": {
          "precision": 0.7058823529411765,
          "recall": 0.5333333333333333,
          "f1-score": 0.6075949367088608,
          "support": 90
     },
     "1": {
          "precision": 0.8189655172413793,
          "recall": 0.9047619047619048,
          "f1-score": 0.8597285067873304,
          "support": 210
     },
     "accuracy": 0.7933333333333333,
     "macro avg": {
          "precision": 0.7624239350912779,
          "recall": 0.719047619047619,
          "f1-score": 0.7336617217480956,
          "support": 300
     },
     "weighted avg": {
          "precision": 0.7850405679513185,
          "recall": 0.7933333333333333,
          "f1-score": 0.7840884357637895,
          "support": 300
     }
}{
 "runtime": 57.78494871035218
}{
     "0": {
          "precision": 0.696969696969697,
          "recall": 0.5111111111111111,
          "f1-score": 0.5897435897435898,
          "support": 90
     },
     "1": {
          "precision": 0.811965811965812,
          "recall": 0.9047619047619048,
          "f1-score": 0.8558558558558558,
          "support": 210
     },
     "accuracy": 0.7866666666666666,
     "macro avg": {
          "precision": 0.7544677544677545,
          "recall": 0.7079365079365079,
          "f1-score": 0.7227997227997227,
          "support": 300
     },
     "weighted avg": {
          "precision": 0.7774669774669775,
          "recall": 0.7866666666666666,
          "f1-score": 0.7760221760221759,
          "support": 300
     }
}{
 "runtime": 56.97934080660343
}{
     "0": {
          "precision": 0.6790123456790124,
          "recall": 0.6111111111111112,
          "f1-score": 0.6432748538011697,
          "support": 90
     },
     "1": {
          "precision": 0.8401826484018264,
          "recall": 0.8761904761904762,
          "f1-score": 0.8578088578088578,
          "support": 210
     },
     "accuracy": 0.7966666666666666,
     "macro avg": {
          "precision": 0.7595974970404193,
          "recall": 0.7436507936507937,
          "f1-score": 0.7505418558050138,
          "support": 300
     },
     "weighted avg": {
          "precision": 0.7918315575849822,
          "recall": 0.7966666666666666,
          "f1-score": 0.7934486566065514,
          "support": 300
     }
}{
 "runtime": 54.24499962478876
}{
     "1": 0.7195534329409755,
     "2": 0.6909850341796974,
     "3": 0.7152000497141421,
     "4": 0.703545067053747,
     "5": 0.7417585996170318
}{
 "overall_perf": 0.7142084367011188
}