	num_instances	performance
0	100	0.5922189753416844
1	200	0.6818869585059113
2	300	0.7256712157633602
3	400	0.7271474456539828
4	500	0.747259249754052
5	600	0.7733866080330387
6	700	0.7515886566158171
7	800	0.7718867737049526
