	num_instances	performance
0	30	0.8378571142364868
1	45	0.7753904135402748
2	60	0.7761214072165632
3	75	0.8063133470442441
4	90	0.7634126984126984
5	105	0.7726524573353842
6	120	0.7926939646296158
7	135	0.8088383838383837
8	150	0.7399771042207383
9	165	0.7692084992943624
10	180	0.7837235228539576
11	195	0.7851817950673785
12	210	0.7821910534597145
13	225	0.777068233735341
14	240	0.7651668351870576
15	255	0.7574121530643271
