	num_instances	performance
0	100	0.6442755505513569
1	200	0.7579617261515804
2	300	0.7867150932231437
3	400	0.7706556638553834
4	500	0.8238060590447533
5	600	0.8305290115399779
6	700	0.8237481674298653
7	800	0.8267004585017588
