	num_instances	performance
0	100	0.5109015166970075
1	200	0.5317906979441333
2	300	0.5397796750792269
3	400	0.5678122595727635
4	500	0.5694967474010014
5	600	0.5743684006995596
6	700	0.5765701244264291
7	800	0.5987921020480151
