	num_instances	performance
0	100	0.48915246247962585
1	200	0.5274469030446257
2	300	0.5780976092972484
3	400	0.5974735748249586
4	500	0.5692737094480316
5	600	0.5991591134115655
6	700	0.6122320515799462
7	800	0.629765632327538
