	num_instances	performance
0	30	0.16655538662498126
1	70	0.2693673347404804
2	110	0.3635539013831697
3	150	0.41718194499298045
4	190	0.4225949626041275
5	230	0.5223856075442741
6	270	0.5264360769522474
7	310	0.5067475672052331
8	350	0.5602616338889379
9	390	0.5617536720490527
10	400	0.5907861220904699
