	num_instances	performance
0	100	0.2986666666666667
1	200	0.29933333333333334
2	300	0.33248068234460637
3	400	0.3556721231109305
4	500	0.3463733798491914
5	600	0.40058046140649306
6	700	0.3855560355902373
7	800	0.4165630242876802
