	num_instances	performance
0	100	0.5877323135022935
1	200	0.6646989754331567
2	300	0.6774045190062863
3	400	0.6950257681447323
4	500	0.717875513568813
5	600	0.7208683372644192
6	700	0.7276869184465194
7	800	0.7391304662537619
