	num_instances	performance
0	30	0.7636363636363637
1	45	0.7636363636363637
2	60	0.8136363636363637
3	75	0.808080808080808
4	90	0.7636363636363637
5	105	0.8136363636363637
6	120	0.7651515151515151
7	135	0.7918181818181818
8	150	0.7504761904761905
9	165	0.7822222222222223
10	180	0.8133333333333332
11	195	0.7822222222222223
12	210	0.698961038961039
