	num_instances	performance
0	100	0.33329285574377093
1	200	0.2986666666666667
2	300	0.3349458076252203
3	400	0.3114443588426131
4	500	0.3111110255092798
5	600	0.29900000000000004
6	700	0.35162526973698266
7	800	0.36400345392207845
