	num_instances	performance
0	30	0.1751670424267268
1	70	0.34183687943262414
2	110	0.45561378192957147
3	150	0.4157983880441831
4	190	0.40417176808154254
5	230	0.5154282146320552
6	270	0.5275069524418978
7	310	0.5580232377036414
8	350	0.5917337501700061
9	390	0.5536821556692977
10	400	0.5489972817879795
