{
          "query_strategy": "QueryInstanceQBC",
          "word_embedding": "glove",
          "neural network": "rnn",
          "dataset": "../data/SST-2/tsv",
          "learning_rate": 0.1,
          "max epoch": 50,
          "mini batch size": 16,
          "stopping_criterion": 10,
          "seed": 5,
          "query batch size": 5
}{
 "runtime": 291.91136290784925
}{
     "0": {
          "precision": 0.6956521739130435,
          "recall": 0.46715328467153283,
          "f1-score": 0.5589519650655023,
          "support": 137
     },
     "1": {
          "precision": 0.6490384615384616,
          "recall": 0.8282208588957055,
          "f1-score": 0.7277628032345014,
          "support": 163
     },
     "accuracy": 0.6633333333333333,
     "macro avg": {
          "precision": 0.6723453177257526,
          "recall": 0.6476870717836192,
          "f1-score": 0.6433573841500018,
          "support": 300
     },
     "weighted avg": {
          "precision": 0.6703253901895206,
          "recall": 0.6633333333333333,
          "f1-score": 0.6506725204706585,
          "support": 300
     }
}{
           "50": 0.6133333333333333,
           "55": 0.62,
           "60": 0.65,
           "65": 0.6033333333333334,
           "70": 0.6366666666666667,
           "75": 0.62,
           "80": 0.6,
           "85": 0.64,
           "90": 0.62,
           "95": 0.6066666666666667,
           "100": 0.6633333333333333
}{
 "runtime": 299.98543548118323
}{
     "0": {
          "precision": 0.6694214876033058,
          "recall": 0.6044776119402985,
          "f1-score": 0.6352941176470588,
          "support": 134
     },
     "1": {
          "precision": 0.7039106145251397,
          "recall": 0.7590361445783133,
          "f1-score": 0.7304347826086957,
          "support": 166
     },
     "accuracy": 0.69,
     "macro avg": {
          "precision": 0.6866660510642227,
          "recall": 0.6817568782593059,
          "f1-score": 0.6828644501278772,
          "support": 300
     },
     "weighted avg": {
          "precision": 0.6885054711667206,
          "recall": 0.69,
          "f1-score": 0.6879386189258312,
          "support": 300
     }
}{
           "50": 0.6933333333333334,
           "55": 0.6566666666666666,
           "60": 0.6833333333333333,
           "65": 0.6766666666666666,
           "70": 0.67,
           "75": 0.6966666666666667,
           "80": 0.6766666666666666,
           "85": 0.7133333333333334,
           "90": 0.7,
           "95": 0.6466666666666666,
           "100": 0.69
}{
 "runtime": 333.46237014606595
}{
     "0": {
          "precision": 0.6929824561403509,
          "recall": 0.5939849624060151,
          "f1-score": 0.6396761133603239,
          "support": 133
     },
     "1": {
          "precision": 0.7096774193548387,
          "recall": 0.7904191616766467,
          "f1-score": 0.7478753541076487,
          "support": 167
     },
     "accuracy": 0.7033333333333334,
     "macro avg": {
          "precision": 0.7013299377475948,
          "recall": 0.692202062041331,
          "f1-score": 0.6937757337339863,
          "support": 300
     },
     "weighted avg": {
          "precision": 0.7022759856630825,
          "recall": 0.7033333333333334,
          "f1-score": 0.6999070240430014,
          "support": 300
     }
}{
           "50": 0.68,
           "55": 0.68,
           "60": 0.6733333333333333,
           "65": 0.6666666666666666,
           "70": 0.6866666666666666,
           "75": 0.7266666666666667,
           "80": 0.72,
           "85": 0.7133333333333334,
           "90": 0.7266666666666667,
           "95": 0.71,
           "100": 0.7033333333333334
}{
 "runtime": 301.89037265907973
}{
     "0": {
          "precision": 0.7912087912087912,
          "recall": 0.5217391304347826,
          "f1-score": 0.6288209606986899,
          "support": 138
     },
     "1": {
          "precision": 0.6842105263157895,
          "recall": 0.8827160493827161,
          "f1-score": 0.77088948787062,
          "support": 162
     },
     "accuracy": 0.7166666666666667,
     "macro avg": {
          "precision": 0.7377096587622903,
          "recall": 0.7022275899087493,
          "f1-score": 0.699855224284655,
          "support": 300
     },
     "weighted avg": {
          "precision": 0.7334297281665703,
          "recall": 0.7166666666666667,
          "f1-score": 0.7055379653715321,
          "support": 300
     }
}{
           "50": 0.7,
           "55": 0.7266666666666667,
           "60": 0.7066666666666667,
           "65": 0.7266666666666667,
           "70": 0.7033333333333334,
           "75": 0.7266666666666667,
           "80": 0.71,
           "85": 0.73,
           "90": 0.7366666666666667,
           "95": 0.7166666666666667,
           "100": 0.7166666666666667
}{
 "runtime": 331.5118266576901
}{
     "0": {
          "precision": 0.7096774193548387,
          "recall": 0.5945945945945946,
          "f1-score": 0.6470588235294118,
          "support": 148
     },
     "1": {
          "precision": 0.6590909090909091,
          "recall": 0.7631578947368421,
          "f1-score": 0.7073170731707317,
          "support": 152
     },
     "accuracy": 0.68,
     "macro avg": {
          "precision": 0.6843841642228738,
          "recall": 0.6788762446657184,
          "f1-score": 0.6771879483500718,
          "support": 300
     },
     "weighted avg": {
          "precision": 0.6840469208211143,
          "recall": 0.68,
          "f1-score": 0.6775896700143471,
          "support": 300
     }
}{
           "50": 0.6433333333333333,
           "55": 0.69,
           "60": 0.6566666666666666,
           "65": 0.6833333333333333,
           "70": 0.6666666666666666,
           "75": 0.6666666666666666,
           "80": 0.64,
           "85": 0.67,
           "90": 0.6566666666666666,
           "95": 0.6933333333333334,
           "100": 0.68
}{
 "runtime": 365.47242705430835
}{
     "0": {
          "precision": 0.6137931034482759,
          "recall": 0.712,
          "f1-score": 0.6592592592592593,
          "support": 125
     },
     "1": {
          "precision": 0.7677419354838709,
          "recall": 0.68,
          "f1-score": 0.7212121212121212,
          "support": 175
     },
     "accuracy": 0.6933333333333334,
     "macro avg": {
          "precision": 0.6907675194660734,
          "recall": 0.696,
          "f1-score": 0.6902356902356903,
          "support": 300
     },
     "weighted avg": {
          "precision": 0.703596588802373,
          "recall": 0.6933333333333334,
          "f1-score": 0.6953984287317622,
          "support": 300
     }
}{
           "50": 0.6633333333333333,
           "55": 0.7033333333333334,
           "60": 0.6633333333333333,
           "65": 0.6833333333333333,
           "70": 0.66,
           "75": 0.6866666666666666,
           "80": 0.67,
           "85": 0.66,
           "90": 0.65,
           "95": 0.65,
           "100": 0.6933333333333334
}{
 "runtime": 449.99559158366174
}{
     "0": {
          "precision": 0.7526881720430108,
          "recall": 0.5109489051094891,
          "f1-score": 0.6086956521739131,
          "support": 137
     },
     "1": {
          "precision": 0.6763285024154589,
          "recall": 0.8588957055214724,
          "f1-score": 0.7567567567567567,
          "support": 163
     },
     "accuracy": 0.7,
     "macro avg": {
          "precision": 0.7145083372292349,
          "recall": 0.6849223053154807,
          "f1-score": 0.6827262044653348,
          "support": 300
     },
     "weighted avg": {
          "precision": 0.7111994182120409,
          "recall": 0.7,
          "f1-score": 0.6891421856639247,
          "support": 300
     }
}{
           "50": 0.7233333333333334,
           "55": 0.7333333333333333,
           "60": 0.72,
           "65": 0.7233333333333334,
           "70": 0.6966666666666667,
           "75": 0.6833333333333333,
           "80": 0.6866666666666666,
           "85": 0.69,