	num_instances	performance
0	50	0.6883333333333334
1	55	0.6973333333333332
2	60	0.682
3	65	0.6936666666666667
4	70	0.6859999999999998
5	75	0.6903333333333335
6	80	0.6856666666666665
7	85	0.6979999999999998
8	90	0.6946666666666667
9	95	0.6913333333333332
10	100	0.6983333333333335
