	num_instances	performance
0	100	0.5581081440698432
1	200	0.6155203050078979
2	300	0.6409993610928924
3	400	0.670303543676108
4	500	0.684367912111448
5	600	0.6955237641647865
6	700	0.7117311483990851
7	800	0.7188240534092118
