	num_instances	performance
0	100	0.30000000000000004
1	200	0.3466897874350195
2	300	0.29933333333333334
3	400	0.3574078153849704
4	500	0.3673242562903596
5	600	0.3698803147629722
6	700	0.40449174236873453
7	800	0.36777818634531745
