	num_instances	performance
0	100	0.3528506975319441
1	200	0.3332623543399117
2	300	0.4173507922473463
3	400	0.4654493115675157
4	500	0.49880052834764593
5	600	0.4908358735676406
6	700	0.5164691029173984
7	800	0.5537195042830506
