	num_instances	performance
0	30	0.8640000000000001
1	50	0.8860000000000001
2	70	0.892
3	90	0.9099999999999999
4	110	0.922
5	130	0.914
6	150	0.932
7	170	0.914
8	190	0.922
9	210	0.924
10	230	0.9179999999999999
11	250	0.9019999999999999
12	270	0.914
13	290	0.914
14	310	0.924
15	330	0.908
16	350	0.9040000000000001
17	370	0.898
18	390	0.8960000000000001
19	400	0.898
