{
        "word_embedding": "glove",
        "neural network": "rnn",
        "dataset": "../data/SST-2/tsv/1000_70_30",
        "learning_rate": 0.1,
        "max epoch": 100,
        "mini batch size": 16,
        "seed": 5,
        "performance_measure": "g-mean"
}{
     "0": {
          "precision": 0.627906976744186,
          "recall": 0.45,
          "f1-score": 0.5242718446601942,
          "support": 60
     },
     "1": {
          "precision": 0.7898089171974523,
          "recall": 0.8857142857142857,
          "f1-score": 0.8350168350168351,
          "support": 140
     },
     "accuracy": 0.755,
     "macro avg": {
          "precision": 0.7088579469708192,
          "recall": 0.6678571428571428,
          "f1-score": 0.6796443398385146,
          "support": 200
     },
     "weighted avg": {
          "precision": 0.7412383350614724,
          "recall": 0.755,
          "f1-score": 0.7417933379098429,
          "support": 200
     }
}{
 "runtime": 40.22295383177698
}{
     "0": {
          "precision": 0.7380952380952381,
          "recall": 0.5166666666666667,
          "f1-score": 0.607843137254902,
          "support": 60
     },
     "1": {
          "precision": 0.8164556962025317,
          "recall": 0.9214285714285714,
          "f1-score": 0.8657718120805369,
          "support": 140
     },
     "accuracy": 0.8,
     "macro avg": {
          "precision": 0.7772754671488848,
          "recall": 0.719047619047619,
          "f1-score": 0.7368074746677195,
          "support": 200
     },
     "weighted avg": {
          "precision": 0.7929475587703436,
          "recall": 0.8,
          "f1-score": 0.7883932096328465,
          "support": 200
     }
}{
 "runtime": 37.42279673926532
}{
     "0": {
          "precision": 0.7692307692307693,
          "recall": 0.6666666666666666,
          "f1-score": 0.7142857142857142,
          "support": 60
     },
     "1": {
          "precision": 0.8648648648648649,
          "recall": 0.9142857142857143,
          "f1-score": 0.888888888888889,
          "support": 140
     },
     "accuracy": 0.84,
     "macro avg": {
          "precision": 0.817047817047817,
          "recall": 0.7904761904761904,
          "f1-score": 0.8015873015873016,
          "support": 200
     },
     "weighted avg": {
          "precision": 0.8361746361746363,
          "recall": 0.84,
          "f1-score": 0.8365079365079366,
          "support": 200
     }
}{
 "runtime": 40.65325293317437
}{
     "0": {
          "precision": 0.8235294117647058,
          "recall": 0.4666666666666667,
          "f1-score": 0.5957446808510638,
          "support": 60
     },
     "1": {
          "precision": 0.8072289156626506,
          "recall": 0.9571428571428572,
          "f1-score": 0.8758169934640524,
          "support": 140
     },
     "accuracy": 0.81,
     "macro avg": {
          "precision": 0.8153791637136782,
          "recall": 0.7119047619047619,
          "f1-score": 0.735780837157558,
          "support": 200
     },
     "weighted avg": {
          "precision": 0.8121190644932672,
          "recall": 0.81,
          "f1-score": 0.7917952996801558,
          "support": 200
     }
}{
 "runtime": 38.067314989864826
}{
     "0": {
          "precision": 0.6363636363636364,
          "recall": 0.5833333333333334,
          "f1-score": 0.6086956521739131,
          "support": 60
     },
     "1": {
          "precision": 0.8275862068965517,
          "recall": 0.8571428571428571,
          "f1-score": 0.8421052631578947,
          "support": 140
     },
     "accuracy": 0.775,
     "macro avg": {
          "precision": 0.731974921630094,
          "recall": 0.7202380952380952,
          "f1-score": 0.7254004576659039,
          "support": 200
     },
     "weighted avg": {
          "precision": 0.7702194357366772,
          "recall": 0.775,
          "f1-score": 0.7720823798627002,
          "support": 200
     }
}{
 "runtime": 37.8785714507103
}{
     "1": 0.662147480335224,
     "2": 0.7144761650861353,
     "3": 0.7889233169326407,
     "4": 0.7051139725503348,
     "5": 0.718153220155036
}{
 "overall_perf": 0.7177628310118742
}{
 "overall_runtime": 38.84897798895836
}