	num_instances	performance
0	100	0.5646855091671922
1	200	0.6243737807350771
2	300	0.6542095132484272
3	400	0.6742426936278201
4	500	0.6984377052248579
5	600	0.709244329050762
6	700	0.7168787069958131
7	800	0.7224221874807526
