	num_instances	performance
0	30	0.9120000000000001
1	50	0.8939999999999999
2	70	0.9039999999999999
3	90	0.9259999999999999
4	110	0.9199999999999999
5	130	0.9219999999999999
6	150	0.9219999999999999
7	170	0.916
8	190	0.906
9	210	0.9219999999999999
10	230	0.914
11	250	0.9039999999999999
12	270	0.906
13	290	0.8939999999999999
14	310	0.9019999999999999
15	330	0.8960000000000001
16	350	0.9039999999999999
17	370	0.8960000000000001
18	390	0.898
19	400	0.908
