	num_instances	performance
0	100	0.5371414449826464
1	200	0.5457583055173925
2	300	0.5676872022774834
3	400	0.591496147545058
4	500	0.6724131189537175
5	600	0.7393717146669475
6	700	0.7678583715058609
7	800	0.7608956330005093
