	num_instances	performance
0	100	0.6297307821425575
1	200	0.7048322124515216
2	300	0.7458023605720583
3	400	0.7790691207680698
4	500	0.7923331475433276
5	600	0.7844423337013927
6	700	0.8055816078519797
7	800	0.8071026854383263
