	num_instances	performance
0	100	0.5776642013285881
1	200	0.6265153670437088
2	300	0.6393530026461806
3	400	0.6631933722162087
4	500	0.6849701991892806
5	600	0.6877399804816813
6	700	0.6983371906915994
7	800	0.7094771113350234
