{
    "num_instances": 2001,
    "distribution": {
        "other": 1223,
        "course": 221,
        "student": 214,
        "faculty": 205,
        "project": 105,
        "staff": 18,
        "department": 15
    },
    "distribution_percentage": {
        "other": 61.11944027986007,
        "course": 11.04447776111944,
        "student": 10.69465267366317,
        "faculty": 10.24487756121939,
        "project": 5.247376311844078,
        "staff": 0.8995502248875562,
        "department": 0.7496251874062968
    },
    "classes": [
        "faculty",
        "other",
        "course",
        "staff",
        "student",
        "department",
        "project"
    ]
}