	num_instances	performance
0	100	0.6120644349960743
1	200	0.6678761976709958
2	300	0.7045101447047081
3	400	0.7083739310029984
4	500	0.7233136401980491
5	600	0.7185564740662624
6	700	0.7562219128693728
7	800	0.7588390919186564
