	num_instances	performance
0	100	0.6549509976093505
1	200	0.6933860512726502
2	300	0.7082089771579577
3	400	0.7118324426061055
4	500	0.7167717824653211
5	600	0.7134184143231659
6	700	0.7281124753120418
7	800	0.7259599639930718
