	num_instances	performance
0	100	0.6421935339778992
1	200	0.6393699832654679
2	300	0.6951337197822629
3	400	0.7119953884843562
4	500	0.7487036521661963
5	600	0.7471018619512646
6	700	0.7755147274453725
7	800	0.7857600663698614
