	num_instances	performance
0	100	0.5893332707595245
1	200	0.635130834021632
2	300	0.6711517992678134
3	400	0.6886966267301923
4	500	0.7078616669100379
5	600	0.7305838236781778
6	700	0.738541682720645
7	800	0.7324509301195187
