	num_instances	performance
0	30	0.503301502007661
1	80	0.5043655152925022
2	130	0.5795403263970688
3	180	0.5897744711661177
4	230	0.5822006638542188
5	280	0.6049283103060494
6	330	0.5973393764119992
7	380	0.5955854738395796
8	430	0.6271305024745184
9	480	0.6777128208768415
10	530	0.6460345873731963
11	580	0.675106249029201
12	630	0.6617206246287888
13	680	0.6816264853224034
14	730	0.6723400861876181
15	780	0.708274954771448
16	800	0.6934529889963924
