{
        "word_embedding": "glove",
        "neural network": "rnn",
        "dataset": "../data/SST-2/tsv/1000_70_30",
        "learning_rate": 0.1,
        "max epoch": 100,
        "mini batch size": 16,
        "seed": 5,
        "performance_measure": "g-mean"
}{
     "0": {
          "precision": 0.6326530612244898,
          "recall": 0.5166666666666667,
          "f1-score": 0.5688073394495414,
          "support": 60
     },
     "1": {
          "precision": 0.8079470198675497,
          "recall": 0.8714285714285714,
          "f1-score": 0.838487972508591,
          "support": 140
     },
     "accuracy": 0.765,
     "macro avg": {
          "precision": 0.7203000405460198,
          "recall": 0.694047619047619,
          "f1-score": 0.7036476559790662,
          "support": 200
     },
     "weighted avg": {
          "precision": 0.7553588322746317,
          "recall": 0.765,
          "f1-score": 0.7575837825908761,
          "support": 200
     }
}{
 "runtime": 27.952319748699665
}{
     "0": {
          "precision": 0.8,
          "recall": 0.4666666666666667,
          "f1-score": 0.5894736842105264,
          "support": 60
     },
     "1": {
          "precision": 0.806060606060606,
          "recall": 0.95,
          "f1-score": 0.8721311475409836,
          "support": 140
     },
     "accuracy": 0.805,
     "macro avg": {
          "precision": 0.803030303030303,
          "recall": 0.7083333333333333,
          "f1-score": 0.730802415875755,
          "support": 200
     },
     "weighted avg": {
          "precision": 0.8042424242424242,
          "recall": 0.805,
          "f1-score": 0.7873339085418465,
          "support": 200
     }
}{
 "runtime": 34.24027490988374
}{
     "0": {
          "precision": 0.7708333333333334,
          "recall": 0.6166666666666667,
          "f1-score": 0.6851851851851851,
          "support": 60
     },
     "1": {
          "precision": 0.8486842105263158,
          "recall": 0.9214285714285714,
          "f1-score": 0.8835616438356164,
          "support": 140
     },
     "accuracy": 0.83,
     "macro avg": {
          "precision": 0.8097587719298246,
          "recall": 0.769047619047619,
          "f1-score": 0.7843734145104008,
          "support": 200
     },
     "weighted avg": {
          "precision": 0.8253289473684211,
          "recall": 0.83,
          "f1-score": 0.824048706240487,
          "support": 200
     }
}{
 "runtime": 33.73525813035667
}{
     "0": {
          "precision": 0.875,
          "recall": 0.4666666666666667,
          "f1-score": 0.608695652173913,
          "support": 60
     },
     "1": {
          "precision": 0.8095238095238095,
          "recall": 0.9714285714285714,
          "f1-score": 0.8831168831168832,
          "support": 140
     },
     "accuracy": 0.82,
     "macro avg": {
          "precision": 0.8422619047619048,
          "recall": 0.719047619047619,
          "f1-score": 0.745906267645398,
          "support": 200
     },
     "weighted avg": {
          "precision": 0.8291666666666666,
          "recall": 0.82,
          "f1-score": 0.8007905138339921,
          "support": 200
     }
}{
 "runtime": 33.75381775945425
}{
     "0": {
          "precision": 0.6333333333333333,
          "recall": 0.6333333333333333,
          "f1-score": 0.6333333333333333,
          "support": 60
     },
     "1": {
          "precision": 0.8428571428571429,
          "recall": 0.8428571428571429,
          "f1-score": 0.8428571428571429,
          "support": 140
     },
     "accuracy": 0.78,
     "macro avg": {
          "precision": 0.7380952380952381,
          "recall": 0.7380952380952381,
          "f1-score": 0.7380952380952381,
          "support": 200
     },
     "weighted avg": {
          "precision": 0.78,
          "recall": 0.78,
          "f1-score": 0.78,
          "support": 200
     }
}{
 "runtime": 38.60820587165654
}{
     "1": 0.6904113680573758,
     "2": 0.7017062538318058,
     "3": 0.7666283634324049,
     "4": 0.711925624793837,
     "5": 0.7369047234402637
}{
 "overall_perf": 0.7215152667111375
}