	num_instances	performance
0	100	0.6334059985527747
1	200	0.7167860594238139
2	300	0.7058584761366049
3	400	0.7328904169655602
4	500	0.7367285274143297
5	600	0.749347315930902
6	700	0.7697349261725408
7	800	0.7667031344252797
