	num_instances	performance
0	100	0.6268041524661768
1	200	0.6821373171752777
2	300	0.7276738237700422
3	400	0.7177289596057499
4	500	0.732219146067593
5	600	0.7404266560645576
6	700	0.7699529131281427
7	800	0.7669390581957064
