	num_instances	performance
0	100	0.5116298925676599
1	200	0.5691112391447098
2	300	0.5875981636324794
3	400	0.5796753275209369
4	500	0.6223112785189848
5	600	0.6106620376533636
6	700	0.646923611030562
7	800	0.635697806916924
