	num_instances	performance
0	30	0.0620928620928621
1	80	0.03809523809523809
2	130	0.09610256410256411
3	180	0.12374051069703243
4	230	0.12981684981684982
5	280	0.21126984126984127
6	330	0.2895648211437685
7	380	0.30637840420449114
8	400	0.39947318755994604
