{
         "word_embedding": "glove",
         "document_embedding": "Pool",
         "neural network": "rnn",
         "dataset": "../data/SST-2/tsv/1000_90_10",
         "learning_rate": 0.1,
         "max epoch": 100,
         "mini batch size": 16,
         "seed": 5,
         "performance_measure": "g-mean"
}{
     "0": {
          "precision": 0.7777777777777778,
          "recall": 0.35,
          "f1-score": 0.48275862068965514,
          "support": 20
     },
     "1": {
          "precision": 0.9319371727748691,
          "recall": 0.9888888888888889,
          "f1-score": 0.9595687331536388,
          "support": 180
     },
     "accuracy": 0.925,
     "macro avg": {
          "precision": 0.8548574752763234,
          "recall": 0.6694444444444445,
          "f1-score": 0.721163676921647,
          "support": 200
     },
     "weighted avg": {
          "precision": 0.91652123327516,
          "recall": 0.925,
          "f1-score": 0.9118877219072405,
          "support": 200
     }
}{
 "runtime": 26.98973952420056
}{
     "0": {
          "precision": 0.4117647058823529,
          "recall": 0.35,
          "f1-score": 0.37837837837837834,
          "support": 20
     },
     "1": {
          "precision": 0.9289617486338798,
          "recall": 0.9444444444444444,
          "f1-score": 0.9366391184573003,
          "support": 180
     },
     "accuracy": 0.885,
     "macro avg": {
          "precision": 0.6703632272581164,
          "recall": 0.6472222222222221,
          "f1-score": 0.6575087484178394,
          "support": 200
     },
     "weighted avg": {
          "precision": 0.8772420443587271,
          "recall": 0.885,
          "f1-score": 0.8808130444494081,
          "support": 200
     }
}{
 "runtime": 27.7043892852962
}{
     "0": {
          "precision": 0.36363636363636365,
          "recall": 0.2,
          "f1-score": 0.25806451612903225,
          "support": 20
     },
     "1": {
          "precision": 0.9153439153439153,
          "recall": 0.9611111111111111,
          "f1-score": 0.9376693766937669,
          "support": 180
     },
     "accuracy": 0.885,
     "macro avg": {
          "precision": 0.6394901394901396,
          "recall": 0.5805555555555556,
          "f1-score": 0.5978669464113996,
          "support": 200
     },
     "weighted avg": {
          "precision": 0.8601731601731601,
          "recall": 0.885,
          "f1-score": 0.8697088906372934,
          "support": 200
     }
}{
 "runtime": 27.517674217000604
}{
     "0": {
          "precision": 0.32,
          "recall": 0.4,
          "f1-score": 0.35555555555555557,
          "support": 20
     },
     "1": {
          "precision": 0.9314285714285714,
          "recall": 0.9055555555555556,
          "f1-score": 0.9183098591549296,
          "support": 180
     },
     "accuracy": 0.855,
     "macro avg": {
          "precision": 0.6257142857142857,
          "recall": 0.6527777777777778,
          "f1-score": 0.6369327073552425,
          "support": 200
     },
     "weighted avg": {
          "precision": 0.8702857142857142,
          "recall": 0.855,
          "f1-score": 0.8620344287949923,
          "support": 200
     }
}{
 "runtime": 29.875385167077184
}{
     "0": {
          "precision": 0.3181818181818182,
          "recall": 0.35,
          "f1-score": 0.3333333333333333,
          "support": 20
     },
     "1": {
          "precision": 0.9269662921348315,
          "recall": 0.9166666666666666,
          "f1-score": 0.9217877094972067,
          "support": 180
     },
     "accuracy": 0.86,
     "macro avg": {
          "precision": 0.6225740551583249,
          "recall": 0.6333333333333333,
          "f1-score": 0.62756052141527,
          "support": 200
     },
     "weighted avg": {
          "precision": 0.8660878447395303,
          "recall": 0.86,
          "f1-score": 0.8629422718808193,
          "support": 200
     }
}{
 "runtime": 29.923608154058456
}{
     "1": 0.6187464926948857,
     "2": 0.6019620696799204,
     "3": 0.4943261406534489,
     "4": 0.6206649659840646,
     "5": 0.5913825608972024
}{
 "overall_perf": 0.5854164459819043
}{
 "overall_runtime": 28.4021592695266
}