	num_instances	performance
0	100	0.6092679847434969
1	200	0.6679606993492266
2	300	0.6975419305954768
3	400	0.7110932690759239
4	500	0.7455408284440518
5	600	0.7615081840015986
6	700	0.7565432314232131
7	800	0.7576159146264392
