	num_instances	performance
0	100	0.48071789956977706
1	200	0.6435379469635172
2	300	0.6093874793676219
3	400	0.5793136760670392
4	500	0.6180371351125091
5	600	0.5695071109474125
6	700	0.5829139421328163
7	800	0.5976822959541588
