	num_instances	performance
0	30	0.914
1	50	0.9179999999999999
2	70	0.9099999999999999
3	90	0.914
4	110	0.8879999999999999
5	130	0.9199999999999999
6	150	0.9
7	170	0.9019999999999999
8	190	0.908
9	210	0.9019999999999999
10	230	0.8939999999999999
11	250	0.8879999999999999
12	270	0.9019999999999999
13	290	0.9
14	310	0.9019999999999999
15	330	0.9119999999999999
16	350	0.9119999999999999
17	370	0.906
18	390	0.898
19	400	0.892
