	num_instances	performance
0	30	0.16468617154288573
1	70	0.3235559980089596
2	110	0.3604137931034483
3	150	0.45946358748778104
4	190	0.4165414757931547
5	230	0.4103055555555556
6	270	0.43084175084175086
7	310	0.4711086522758854
8	350	0.47742979090558624
9	390	0.425471391579091
10	400	0.41453055141579737
