	num_instances	performance
0	100	0.5776139804280144
1	200	0.6340822663193533
2	300	0.697672967889148
3	400	0.6925147395119511
4	500	0.7145975520670949
5	600	0.7261763897806542
6	700	0.7334014587803322
7	800	0.7359694781656623
