	num_instances	performance
0	100	0.3104386822592514
1	200	0.3858893982198652
2	300	0.38102414372520776
3	400	0.37915384247878514
4	500	0.4284364565359601
5	600	0.4456943898527818
6	700	0.4502354558198669
7	800	0.49624255787210714
