	num_instances	performance
0	100	0.6004738860949891
1	200	0.6639073065238718
2	300	0.6987896779270176
3	400	0.7123486940376116
4	500	0.7124469732085996
5	600	0.7526474750960945
6	700	0.7522591953562708
7	800	0.7381829175084645
