	num_instances	performance
0	100	0.7200707558634557
1	200	0.7510991124927081
2	300	0.7435586488632225
3	400	0.7552302046917556
4	500	0.7443310498090646
5	600	0.7631552655134071
6	700	0.773619011962076
7	800	0.7751796397011625
