	num_instances	performance
0	30	0.1648809523809524
1	45	0.29227994227994225
2	60	0.3045634920634921
3	75	0.3902958152958153
4	90	0.37422438672438674
5	105	0.3879148629148629
6	120	0.3500180375180375
7	135	0.376010101010101
8	150	0.3500180375180375
9	165	0.36966089466089463
10	180	0.40319264069264066
11	195	0.349025974025974
12	210	0.3537878787878788
13	225	0.4010894660894661
14	240	0.3855339105339105
15	255	0.3849386724386724
