{
        "word_embedding": "fasttext",
        "neural network": "rnn",
        "dataset": "../data/webkb/tsv/dataset_1000",
        "learning_rate": 0.1,
        "max epoch": 100,
        "mini batch size": 16,
        "seed": 5,
        "performance_measure": "g-mean"
}{
          "other": {
                    "precision": 0.7293233082706767,
                    "recall": 0.7950819672131147,
                    "f1-score": 0.7607843137254902,
                    "support": 122
          },
          "project": {
                    "precision": 0.15,
                    "recall": 0.3,
                    "f1-score": 0.2,
                    "support": 10
          },
          "course": {
                    "precision": 0.8571428571428571,
                    "recall": 0.5217391304347826,
                    "f1-score": 0.6486486486486486,
                    "support": 23
          },
          "faculty": {
                    "precision": 0.4375,
                    "recall": 0.35,
                    "f1-score": 0.38888888888888884,
                    "support": 20
          },
          "student": {
                    "precision": 0.4117647058823529,
                    "recall": 0.3181818181818182,
                    "f1-score": 0.358974358974359,
                    "support": 22
          },
          "staff": {
                    "precision": 0.0,
                    "recall": 0.0,
                    "f1-score": 0.0,
                    "support": 2
          },
          "department": {
                    "precision": 0.0,
                    "recall": 0.0,
                    "f1-score": 0.0,
                    "support": 1
          },
          "accuracy": 0.63,
          "macro avg": {
                    "precision": 0.3693901244708409,
                    "recall": 0.32642898797567366,
                    "f1-score": 0.33675660146248376,
                    "support": 200
          },
          "weighted avg": {
                    "precision": 0.6400027642636001,
                    "recall": 0.63,
                    "f1-score": 0.627049094343212,
                    "support": 200
          }
}{
 "runtime": 383.29086156748235
}{
          "other": {
                    "precision": 0.6862745098039216,
                    "recall": 0.860655737704918,
                    "f1-score": 0.7636363636363637,
                    "support": 122
          },
          "project": {
                    "precision": 0.5,
                    "recall": 0.1,
                    "f1-score": 0.16666666666666669,
                    "support": 10
          },
          "course": {
                    "precision": 0.6111111111111112,
                    "recall": 0.5,
                    "f1-score": 0.55,
                    "support": 22
          },
          "faculty": {
                    "precision": 0.5,
                    "recall": 0.19047619047619047,
                    "f1-score": 0.27586206896551724,
                    "support": 21
          },
          "student": {
                    "precision": 0.3684210526315789,
                    "recall": 0.3181818181818182,
                    "f1-score": 0.3414634146341463,
                    "support": 22
          },
          "staff": {
                    "precision": 0.0,
                    "recall": 0.0,
                    "f1-score": 0.0,
                    "support": 1
          },
          "department": {
                    "precision": 0.0,
                    "recall": 0.0,
                    "f1-score": 0.0,
                    "support": 2
          },
          "accuracy": 0.64,
          "macro avg": {
                    "precision": 0.38082952479237303,
                    "recall": 0.2813305351947038,
                    "f1-score": 0.2996612162718134,
                    "support": 200
          },
          "weighted avg": {
                    "precision": 0.603875988992088,
                    "recall": 0.64,
                    "f1-score": 0.6011780080026505,
                    "support": 200
          }
}{
 "runtime": 424.8814988993108
}{
          "other": {
                    "precision": 0.7342657342657343,
                    "recall": 0.860655737704918,
                    "f1-score": 0.7924528301886793,
                    "support": 122
          },
          "project": {
                    "precision": 0.0,
                    "recall": 0.0,
                    "f1-score": 0.0,
                    "support": 10
          },
          "course": {
                    "precision": 0.75,
                    "recall": 0.5454545454545454,
                    "f1-score": 0.631578947368421,
                    "support": 22
          },
          "faculty": {
                    "precision": 0.42105263157894735,
                    "recall": 0.38095238095238093,
                    "f1-score": 0.4,
                    "support": 21
          },
          "student": {
                    "precision": 0.5555555555555556,
                    "recall": 0.47619047619047616,
                    "f1-score": 0.5128205128205129,
                    "support": 21
          },
          "staff": {
                    "precision": 0.0,
                    "recall": 0.0,
                    "f1-score": 0.0,
                    "support": 2
          },
          "department": {
                    "precision": 0.0,
                    "recall": 0.0,
                    "f1-score": 0.0,
                    "support": 2
          },
          "accuracy": 0.675,
          "macro avg": {
                    "precision": 0.35155341734289103,
                    "recall": 0.3233218771860458,
                    "f1-score": 0.33383604148251617,
                    "support": 200
          },
          "weighted avg": {
                    "precision": 0.6329459575512207,
                    "recall": 0.675,
                    "f1-score": 0.6487160644717745,
                    "support": 200
          }
}{
 "runtime": 407.20288089476526
}{
          "other": {
                    "precision": 0.7058823529411765,
                    "recall": 0.7804878048780488,
                    "f1-score": 0.7413127413127415,
                    "support": 123
          },
          "project": {
                    "precision": 0.0,
                    "recall": 0.0,
                    "f1-score": 0.0,
                    "support": 11
          },
          "course": {
                    "precision": 0.46875,
                    "recall": 0.6818181818181818,
                    "f1-score": 0.5555555555555556,
                    "support": 22
          },
          "faculty": {
                    "precision": 0.375,
                    "recall": 0.3,
                    "f1-score": 0.33333333333333326,
                    "support": 20
          },
          "student": {
                    "precision": 0.3333333333333333,
                    "recall": 0.14285714285714285,
                    "f1-score": 0.2,
                    "support": 21
          },
          "staff": {
                    "precision": 0.0,
                    "recall": 0.0,
                    "f1-score": 0.0,
                    "support": 2
          },
          "department": {
                    "precision": 0.0,
                    "recall": 0.0,
                    "f1-score": 0.0,
                    "support": 1
          },
          "accuracy": 0.6,
          "macro avg": {
                    "precision": 0.2689950980392157,
                    "recall": 0.2721661613647676,
                    "f1-score": 0.26145737574309,
                    "support": 200
          },
          "weighted avg": {
                    "precision": 0.5581801470588236,
                    "recall": 0.6,
                    "f1-score": 0.5713517803517805,
                    "support": 200
          }
}{
 "runtime": 418.63508461229503
}{
          "other": {
                    "precision": 0.7125,