	num_instances	performance
0	100	0.59203263203744
1	200	0.6777443721418482
2	300	0.7658935968964062
3	400	0.7711948425047643
4	500	0.7610206645553261
5	600	0.782940133210018
6	700	0.8273788047009478
7	800	0.814618389943571
