	num_instances	performance
0	30	0.025
1	80	0.0
2	130	0.0
3	180	0.0
4	230	0.0
5	280	0.10303030303030303
6	330	0.1554112554112554
7	380	0.16546003016591251
8	400	0.09790209790209789
