	num_instances	performance
0	100	0.49576996558739256
1	200	0.4938165395776748
2	300	0.5740166518322954
3	400	0.5820139487193708
4	500	0.5698404669133571
5	600	0.6145956577015496
6	700	0.6038186333550903
7	800	0.6115095184012345
