	num_instances	performance
0	100	0.6648089930218111
1	200	0.691105644187944
2	300	0.7026126594694503
3	400	0.7148791519791169
4	500	0.7245115010871359
5	600	0.7229436287227943
6	700	0.7384282132354105
7	800	0.7405412155055763
