	num_instances	performance
0	30	0.0
1	70	0.03333333333333334
2	110	0.10606060606060605
3	150	0.09636363636363637
4	190	0.2087912087912088
5	230	0.2722527472527473
6	270	0.1812987012987013
7	310	0.195
8	350	0.1911152882205514
9	390	0.1641025641025641
10	400	0.1891025641025641
