	num_instances	performance
0	100	0.332971199225412
1	200	0.3569692513595589
2	300	0.38934202344133645
3	400	0.39011970213604613
4	500	0.36733164020603093
5	600	0.35624277030259716
6	700	0.402529722984743
7	800	0.4348198681424241
