{
    "num_instances": 67349,
    "distribution": {
        "1": 37569,
        "0": 29780
    },
    "distribution_percentage": {
        "1": 55.78256544269403,
        "0": 44.21743455730597
    },
    "classes": [
        0,
        1
    ]
}