	num_instances	performance
0	30	0.03333333333333334
1	70	0.03636363636363636
2	110	0.03333333333333334
3	150	0.0
4	190	0.030769230769230764
5	230	0.11965811965811965
6	270	0.11333333333333333
7	310	0.17023809523809524
8	350	0.11136363636363636
9	390	0.14683982683982683
10	400	0.15284715284715286
