{
        "word_embedding": "fasttext",
        "neural network": "rnn",
        "dataset": "../data/SST-2/tsv/1000_90_10",
        "learning_rate": 0.1,
        "max epoch": 100,
        "mini batch size": 16,
        "seed": 5,
        "performance_measure": "g-mean"
}{
     "0": {
          "precision": 0.5454545454545454,
          "recall": 0.3,
          "f1-score": 0.3870967741935483,
          "support": 20
     },
     "1": {
          "precision": 0.9259259259259259,
          "recall": 0.9722222222222222,
          "f1-score": 0.948509485094851,
          "support": 180
     },
     "accuracy": 0.905,
     "macro avg": {
          "precision": 0.7356902356902357,
          "recall": 0.6361111111111111,
          "f1-score": 0.6678031296441996,
          "support": 200
     },
     "weighted avg": {
          "precision": 0.8878787878787878,
          "recall": 0.905,
          "f1-score": 0.8923682140047208,
          "support": 200
     }
}{
 "runtime": 47.692748641595244
}{
     "0": {
          "precision": 0.16666666666666666,
          "recall": 0.05,
          "f1-score": 0.07692307692307691,
          "support": 20
     },
     "1": {
          "precision": 0.9020618556701031,
          "recall": 0.9722222222222222,
          "f1-score": 0.9358288770053476,
          "support": 180
     },
     "accuracy": 0.88,
     "macro avg": {
          "precision": 0.5343642611683849,
          "recall": 0.5111111111111111,
          "f1-score": 0.5063759769642122,
          "support": 200
     },
     "weighted avg": {
          "precision": 0.8285223367697596,
          "recall": 0.88,
          "f1-score": 0.8499382969971205,
          "support": 200
     }
}{
 "runtime": 49.053273133933544
}{
     "0": {
          "precision": 0.5,
          "recall": 0.05,
          "f1-score": 0.09090909090909091,
          "support": 20
     },
     "1": {
          "precision": 0.9040404040404041,
          "recall": 0.9944444444444445,
          "f1-score": 0.9470899470899472,
          "support": 180
     },
     "accuracy": 0.9,
     "macro avg": {
          "precision": 0.702020202020202,
          "recall": 0.5222222222222223,
          "f1-score": 0.518999518999519,
          "support": 200
     },
     "weighted avg": {
          "precision": 0.8636363636363638,
          "recall": 0.9,
          "f1-score": 0.8614718614718616,
          "support": 200
     }
}{
 "runtime": 52.66833685338497
}{
     "0": {
          "precision": 0.7142857142857143,
          "recall": 0.25,
          "f1-score": 0.37037037037037035,
          "support": 20
     },
     "1": {
          "precision": 0.9222797927461139,
          "recall": 0.9888888888888889,
          "f1-score": 0.9544235924932977,
          "support": 180
     },
     "accuracy": 0.915,
     "macro avg": {
          "precision": 0.8182827535159141,
          "recall": 0.6194444444444445,
          "f1-score": 0.662396981431834,
          "support": 200
     },
     "weighted avg": {
          "precision": 0.901480384900074,
          "recall": 0.915,
          "f1-score": 0.896018270281005,
          "support": 200
     }
}{
 "runtime": 54.26022647693753
}{
     "0": {
          "precision": 0.5,
          "recall": 0.1,
          "f1-score": 0.16666666666666669,
          "support": 20
     },
     "1": {
          "precision": 0.9081632653061225,
          "recall": 0.9888888888888889,
          "f1-score": 0.946808510638298,
          "support": 180
     },
     "accuracy": 0.9,
     "macro avg": {
          "precision": 0.7040816326530612,
          "recall": 0.5444444444444445,
          "f1-score": 0.5567375886524824,
          "support": 200
     },
     "weighted avg": {
          "precision": 0.8673469387755103,
          "recall": 0.9,
          "f1-score": 0.868794326241135,
          "support": 200
     }
}{
 "runtime": 54.95551671087742
}{
     "1": 0.5764860025283451,
     "2": 0.35377331097124265,
     "3": 0.36055512754639896,
     "4": 0.5443880356265495,
     "5": 0.41231056256176607
}{
 "overall_perf": 0.4495026078468605
}{
 "overall_runtime": 51.72602036334574
}