	num_instances	performance
0	100	0.62295360644905
1	200	0.658535886407264
2	300	0.7118666397061219
3	400	0.724415593733063
4	500	0.7412019953003846
5	600	0.7634408541635992
6	700	0.7572900822048039
7	800	0.7571294419726774
