	num_instances	performance
0	100	0.4724628944648252
1	200	0.4794961667919826
2	300	0.4889636618109446
3	400	0.5365276460858485
4	500	0.5354802843720452
5	600	0.5498992300003808
6	700	0.5578186283518675
7	800	0.5578131160941497
