	num_instances	performance
0	100	0.6573899427302191
1	200	0.6289232512603343
2	300	0.6720650771751473
3	400	0.6623610473747219
4	500	0.6866023959089478
5	600	0.693612953152689
6	700	0.7082200963894856
7	800	0.732345318904004
