	num_instances	performance
0	100	0.6420219490188128
1	200	0.7063885259973972
2	300	0.7328044211459408
3	400	0.7478776645099517
4	500	0.7628288892856101
5	600	0.7783218211344181
6	700	0.7898047832932402
7	800	0.7891931875704219
