	num_instances	performance
0	100	0.5817681730377371
1	200	0.6416754027643317
2	300	0.6634770315682436
3	400	0.6896314128399015
4	500	0.7046536581055202
5	600	0.6975339968377839
6	700	0.7109904668422242
7	800	0.716804043777439
