	num_instances	performance
0	100	0.46617687106993094
1	200	0.48106045567190936
2	300	0.4788051353802268
3	400	0.509321080135628
4	500	0.5176805696019013
5	600	0.5252767112289438
6	700	0.49391041255664314
7	800	0.5362279956954747
