	num_instances	performance
0	30	0.7636363636363637
1	45	0.7636363636363637
2	60	0.7636363636363637
3	75	0.7636363636363637
4	90	0.7636363636363637
5	105	0.7236363636363636
6	120	0.7069696969696969
7	135	0.7807792207792208
8	150	0.7807792207792208
9	165	0.7807792207792208
10	180	0.7807792207792208
11	195	0.7807792207792208
12	210	0.7625974025974027
