	num_instances	performance
0	6735	0.805045871559633
1	6755	0.8153669724770642
