	num_instances	performance
0	100	0.40792869053624764
1	200	0.4928621999800515
2	300	0.4676409737369676
3	400	0.5155590221988338
4	500	0.5297461127122159
5	600	0.5746064270446213
6	700	0.5533335164784535
7	800	0.573316782938137
