	num_instances	performance
0	100	0.46794976992192383
1	200	0.4810505876315004
2	300	0.5143390653950185
3	400	0.5232388745148292
4	500	0.53665371449217
5	600	0.5375586458732784
6	700	0.5266246534915882
7	800	0.5391145654605135
