	num_instances	performance
0	100	0.3279095414916298
1	200	0.328404171764094
2	300	0.35145876965002965
3	400	0.3422036458330035
4	500	0.35907205241211904
5	600	0.3363005259425535
6	700	0.36292672359112543
7	800	0.3799460982899364
8	900	0.39620545143353614
9	1000	0.3478592921248335
10	1100	0.39906017487463874
11	1200	0.4520961204488283
12	1300	0.43009320700333564
13	1400	0.41142852892616916
14	1500	0.45540008248321284
15	1600	0.43492948469042114
