	num_instances	performance
0	30	0.10769230769230768
1	80	0.35809825833081643
2	130	0.40405762720241184
3	180	0.48617670582454153
4	230	0.5162201094121078
5	280	0.5276511712992722
6	330	0.54266990615875
7	380	0.5397563202647948
8	400	0.5571242603888424
