	num_instances	performance
0	100	0.5594346965239241
1	200	0.6126840398913547
2	300	0.6310154204520873
3	400	0.6561407727804058
4	500	0.6877119623106253
5	600	0.6803712783795101
6	700	0.6697139748648178
7	800	0.6912264193536927
8	900	0.6844224413702522
9	1000	0.6987653582417623
10	1100	0.6879252276454618
11	1200	0.7046183229595148
