	num_instances	performance
0	100	0.31865481083330055
1	200	0.2996666666666667
2	300	0.29933333333333334
3	400	0.30000000000000004
4	500	0.31178331608005316
5	600	0.32456100825599965
6	700	0.3363387004319461
7	800	0.32322767492266624
