	num_instances	performance
0	100	0.6360322866646089
1	200	0.6617963155131045
2	300	0.6777732468247228
3	400	0.681590962418724
4	500	0.6637850518990459
5	600	0.6981018769720606
6	700	0.6839880777807017
7	800	0.7087335451264332
8	900	0.7052762939731192
9	1000	0.7107756502326465
10	1100	0.7185419011862869
11	1200	0.7166689565174698
12	1300	0.70572876492911
13	1400	0.7300696645007458
14	1500	0.7071135180400281
15	1600	0.7261236569871963
