	num_instances	performance
0	100	0.6555888259595555
1	200	0.6844943132987579
2	300	0.7016918094870574
3	400	0.7201179389838364
4	500	0.7175213322804661
5	600	0.7305815721912244
6	700	0.7365313562664293
7	800	0.7279410037813389
