	num_instances	performance
0	100	0.3084499827467198
1	200	0.3204958248785005
2	300	0.31011102550927977
3	400	0.3598345253104466
4	500	0.3966447866980639
5	600	0.3882519609035606
6	700	0.40954620216110993
7	800	0.41806143342786195
