	num_instances	performance
0	100	0.5334393813723617
1	200	0.5556083413545737
2	300	0.5485093257204418
3	400	0.5453180593604149
4	500	0.5768461829936546
5	600	0.5599876512249409
6	700	0.5706834238234528
7	800	0.5893951516294825
