{
        "word_embedding": "flair",
        "neural network": "rnn",
        "dataset": "../data/SST-2/tsv/500_70_30",
        "learning_rate": 0.1,
        "max epoch": 100,
        "mini batch size": 16,
        "seed": 5,
        "performance_measure": "f1"
}{
     "0": {
          "precision": 0.43478260869565216,
          "recall": 0.3333333333333333,
          "f1-score": 0.3773584905660377,
          "support": 30
     },
     "1": {
          "precision": 0.7402597402597403,
          "recall": 0.8142857142857143,
          "f1-score": 0.7755102040816325,
          "support": 70
     },
     "accuracy": 0.67,
     "macro avg": {
          "precision": 0.5875211744776963,
          "recall": 0.5738095238095238,
          "f1-score": 0.5764343473238351,
          "support": 100
     },
     "weighted avg": {
          "precision": 0.6486166007905139,
          "recall": 0.67,
          "f1-score": 0.656064690026954,
          "support": 100
     }
}{
 "runtime": 42.29147644340992
}{
     "0": {
          "precision": 0.8333333333333334,
          "recall": 0.5,
          "f1-score": 0.625,
          "support": 30
     },
     "1": {
          "precision": 0.8170731707317073,
          "recall": 0.9571428571428572,
          "f1-score": 0.881578947368421,
          "support": 70
     },
     "accuracy": 0.82,
     "macro avg": {
          "precision": 0.8252032520325203,
          "recall": 0.7285714285714286,
          "f1-score": 0.7532894736842105,
          "support": 100
     },
     "weighted avg": {
          "precision": 0.8219512195121951,
          "recall": 0.82,
          "f1-score": 0.8046052631578948,
          "support": 100
     }
}{
 "runtime": 41.85694032814354
}{
     "0": {
          "precision": 0.3888888888888889,
          "recall": 0.4666666666666667,
          "f1-score": 0.42424242424242425,
          "support": 30
     },
     "1": {
          "precision": 0.75,
          "recall": 0.6857142857142857,
          "f1-score": 0.7164179104477612,
          "support": 70
     },
     "accuracy": 0.62,
     "macro avg": {
          "precision": 0.5694444444444444,
          "recall": 0.5761904761904761,
          "f1-score": 0.5703301673450927,
          "support": 100
     },
     "weighted avg": {
          "precision": 0.6416666666666667,
          "recall": 0.62,
          "f1-score": 0.6287652645861601,
          "support": 100
     }
}{
 "runtime": 41.98340127617121
}{
     "0": {
          "precision": 0.5909090909090909,
          "recall": 0.43333333333333335,
          "f1-score": 0.5,
          "support": 30
     },
     "1": {
          "precision": 0.782051282051282,
          "recall": 0.8714285714285714,
          "f1-score": 0.8243243243243245,
          "support": 70
     },
     "accuracy": 0.74,
     "macro avg": {
          "precision": 0.6864801864801865,
          "recall": 0.6523809523809524,
          "f1-score": 0.6621621621621623,
          "support": 100
     },
     "weighted avg": {
          "precision": 0.7247086247086247,
          "recall": 0.74,
          "f1-score": 0.727027027027027,
          "support": 100
     }
}{
 "runtime": 65.86861580703408
}{
     "0": {
          "precision": 0.4827586206896552,
          "recall": 0.4666666666666667,
          "f1-score": 0.47457627118644075,
          "support": 30
     },
     "1": {
          "precision": 0.7746478873239436,
          "recall": 0.7857142857142857,
          "f1-score": 0.7801418439716311,
          "support": 70
     },
     "accuracy": 0.69,
     "macro avg": {
          "precision": 0.6287032540067994,
          "recall": 0.6261904761904762,
          "f1-score": 0.627359057579036,
          "support": 100
     },
     "weighted avg": {
          "precision": 0.6870811073336571,
          "recall": 0.69,
          "f1-score": 0.6884721721360739,
          "support": 100
     }
}{
 "runtime": 252.00140669662505
}{
     "1": 0.3773584905660377,
     "2": 0.625,
     "3": 0.42424242424242425,
     "4": 0.5,
     "5": 0.47457627118644075
}{
 "overall_perf": 0.48023543719898054
}