	num_instances	performance
0	100	0.6632736055332286
1	200	0.7231141178657025
2	300	0.7287547358221259
3	400	0.7332852207379521
4	500	0.7442255947672708
5	600	0.7371303726171419
6	700	0.7410266772260783
7	800	0.7284876033583837
