	num_instances	performance
0	100	0.6034017608377328
1	200	0.6495948526619711
2	300	0.6818053111879065
3	400	0.7115472235102343
4	500	0.7068309635216736
5	600	0.711147051203728
6	700	0.7258134948587418
7	800	0.7192415668045419
