	num_instances	performance
0	100	0.30000000000000004
1	200	0.30000000000000004
2	300	0.3314082431035593
3	400	0.3342791409585536
4	500	0.3463561890468209
5	600	0.4205315123036253
6	700	0.4690607599537466
7	800	0.42608306395692674
