	num_instances	performance
0	30	0.19290375595757323
1	80	0.3918480890179003
2	130	0.4370414880409822
3	180	0.4881269618646898
4	230	0.484497188957217
5	280	0.5300340304622195
6	330	0.5585014860990558
7	380	0.5592198810346092
8	400	0.5662291091676919
