	num_instances	performance
0	30	0.18117955959578128
1	80	0.2991140642303433
2	130	0.400384505844679
3	180	0.43792513999410543
4	230	0.4916233746059625
5	280	0.5140734905384327
6	330	0.48918832490261066
7	380	0.5540957278253104
8	400	0.551525641407079
