	num_instances	performance
0	30	0.16402509652509653
1	60	0.270562891823396
2	90	0.3618526906759386
3	120	0.4823126361976292
4	150	0.45774042950513544
5	180	0.5143383106426584
6	210	0.5105026455026455
7	240	0.5331034105934935
8	270	0.5179254597438631
9	300	0.5362889133578705
10	330	0.5166736862937915
11	360	0.573465155534121
12	390	0.585118215118215
13	400	0.5739258967202849
