	num_instances	performance
0	100	0.5712927165769909
1	200	0.608245992665335
2	300	0.5918123316139468
3	400	0.6107180253080228
4	500	0.6072219000788288
5	600	0.5957844983222237
6	700	0.6020272154253956
7	800	0.6015843347543454
