{
       "word_embedding": "flair",
       "neural network": "rnn",
       "dataset": "../data/SST-2/tsv/perc_90_10",
       "learning_rate": 0.1,
       "max epoch": 100,
       "mini batch size": 16,
       "seed": 5
}{
     "0": {
          "precision": 1.0,
          "recall": 0.16666666666666666,
          "f1-score": 0.2857142857142857,
          "support": 6
     },
     "1": {
          "precision": 0.9180327868852459,
          "recall": 1.0,
          "f1-score": 0.9572649572649572,
          "support": 56
     },
     "accuracy": 0.9193548387096774,
     "macro avg": {
          "precision": 0.959016393442623,
          "recall": 0.5833333333333334,
          "f1-score": 0.6214896214896215,
          "support": 62
     },
     "weighted avg": {
          "precision": 0.925965097831835,
          "recall": 0.9193548387096774,
          "f1-score": 0.8922761825987632,
          "support": 62
     }
}{
 "runtime": 29.522642998956144
}{
     "0": {
          "precision": 0.6666666666666666,
          "recall": 0.3333333333333333,
          "f1-score": 0.4444444444444444,
          "support": 6
     },
     "1": {
          "precision": 0.9322033898305084,
          "recall": 0.9821428571428571,
          "f1-score": 0.9565217391304348,
          "support": 56
     },
     "accuracy": 0.9193548387096774,
     "macro avg": {
          "precision": 0.7994350282485876,
          "recall": 0.6577380952380952,
          "f1-score": 0.7004830917874396,
          "support": 62
     },
     "weighted avg": {
          "precision": 0.9065062875888463,
          "recall": 0.9193548387096774,
          "f1-score": 0.9069658719027583,
          "support": 62
     }
}{
 "runtime": 30.010806990787387
}{
     "0": {
          "precision": 1.0,
          "recall": 0.16666666666666666,
          "f1-score": 0.2857142857142857,
          "support": 6
     },
     "1": {
          "precision": 0.9180327868852459,
          "recall": 1.0,
          "f1-score": 0.9572649572649572,
          "support": 56
     },
     "accuracy": 0.9193548387096774,
     "macro avg": {
          "precision": 0.959016393442623,
          "recall": 0.5833333333333334,
          "f1-score": 0.6214896214896215,
          "support": 62
     },
     "weighted avg": {
          "precision": 0.925965097831835,
          "recall": 0.9193548387096774,
          "f1-score": 0.8922761825987632,
          "support": 62
     }
}{
 "runtime": 33.068117225542665
}{
     "0": {
          "precision": 1.0,
          "recall": 1.0,
          "f1-score": 1.0,
          "support": 6
     },
     "1": {
          "precision": 1.0,
          "recall": 1.0,
          "f1-score": 1.0,
          "support": 55
     },
     "accuracy": 1.0,
     "macro avg": {
          "precision": 1.0,
          "recall": 1.0,
          "f1-score": 1.0,
          "support": 61
     },
     "weighted avg": {
          "precision": 1.0,
          "recall": 1.0,
          "f1-score": 1.0,
          "support": 61
     }
}{
 "runtime": 31.56006404850632
}{
     "0": {
          "precision": 1.0,
          "recall": 1.0,
          "f1-score": 1.0,
          "support": 6
     },
     "1": {
          "precision": 1.0,
          "recall": 1.0,
          "f1-score": 1.0,
          "support": 55
     },
     "accuracy": 1.0,
     "macro avg": {
          "precision": 1.0,
          "recall": 1.0,
          "f1-score": 1.0,
          "support": 61
     },
     "weighted avg": {
          "precision": 1.0,
          "recall": 1.0,
          "f1-score": 1.0,
          "support": 61
     }
}{
 "runtime": 20.5690691024065
}{
     "1": 0.2857142857142857,
     "2": 0.4444444444444444,
     "3": 0.2857142857142857,
     "4": 1.0,
     "5": 1.0
}{
 "overall_perf": 0.6031746031746031
}