	num_instances	performance
0	100	0.6067301263761091
1	200	0.6999760598615394
2	300	0.7221219261592622
3	400	0.7380677849198134
4	500	0.7400715690464478
5	600	0.7392998078501204
6	700	0.7727929235027154
7	800	0.7515636663473887
