	num_instances	performance
0	30	0.0
1	80	0.0
2	130	0.03333333333333334
3	180	0.0641025641025641
4	230	0.06713286713286712
5	280	0.06713286713286712
6	330	0.09743589743589745
7	380	0.12344322344322345
8	400	0.17064102564102562
