{
        "word_embedding": "glove",
        "neural network": "rnn",
        "dataset": "../data/SST-2/tsv/3000_70_30",
        "learning_rate": 0.1,
        "max epoch": 100,
        "mini batch size": 16,
        "seed": 5,
        "performance_measure": "g-mean"
}{
     "0": {
          "precision": 0.7721518987341772,
          "recall": 0.6777777777777778,
          "f1-score": 0.7218934911242604,
          "support": 180
     },
     "1": {
          "precision": 0.8687782805429864,
          "recall": 0.9142857142857143,
          "f1-score": 0.8909512761020881,
          "support": 420
     },
     "accuracy": 0.8433333333333334,
     "macro avg": {
          "precision": 0.8204650896385819,
          "recall": 0.7960317460317461,
          "f1-score": 0.8064223836131743,
          "support": 600
     },
     "weighted avg": {
          "precision": 0.8397903660003436,
          "recall": 0.8433333333333334,
          "f1-score": 0.8402339406087397,
          "support": 600
     }
}{
 "runtime": 176.09932212159038
}{
     "0": {
          "precision": 0.7530120481927711,
          "recall": 0.6944444444444444,
          "f1-score": 0.722543352601156,
          "support": 180
     },
     "1": {
          "precision": 0.8732718894009217,
          "recall": 0.9023809523809524,
          "f1-score": 0.8875878220140516,
          "support": 420
     },
     "accuracy": 0.84,
     "macro avg": {
          "precision": 0.8131419687968464,
          "recall": 0.7984126984126985,
          "f1-score": 0.8050655873076038,
          "support": 600
     },
     "weighted avg": {
          "precision": 0.8371939370384766,
          "recall": 0.84,
          "f1-score": 0.8380744811901829,
          "support": 600
     }
}{
 "runtime": 145.20227771252394
}{
     "0": {
          "precision": 0.7959183673469388,
          "recall": 0.65,
          "f1-score": 0.7155963302752293,
          "support": 180
     },
     "1": {
          "precision": 0.8609271523178808,
          "recall": 0.9285714285714286,
          "f1-score": 0.8934707903780069,
          "support": 420
     },
     "accuracy": 0.845,
     "macro avg": {
          "precision": 0.8284227598324098,
          "recall": 0.7892857142857144,
          "f1-score": 0.8045335603266182,
          "support": 600
     },
     "weighted avg": {
          "precision": 0.8414245168265981,
          "recall": 0.845,
          "f1-score": 0.8401084523471737,
          "support": 600
     }
}{
 "runtime": 154.20221145264804
}{
     "0": {
          "precision": 0.6861702127659575,
          "recall": 0.7166666666666667,
          "f1-score": 0.701086956521739,
          "support": 180
     },
     "1": {
          "precision": 0.8762135922330098,
          "recall": 0.8595238095238096,
          "f1-score": 0.8677884615384617,
          "support": 420
     },
     "accuracy": 0.8166666666666667,
     "macro avg": {
          "precision": 0.7811919024994836,
          "recall": 0.7880952380952382,
          "f1-score": 0.7844377090301003,
          "support": 600
     },
     "weighted avg": {
          "precision": 0.8192005783928941,
          "recall": 0.8166666666666667,
          "f1-score": 0.8177780100334449,
          "support": 600
     }
}{
 "runtime": 184.8642303813249
}{
     "0": {
          "precision": 0.7134831460674157,
          "recall": 0.7055555555555556,
          "f1-score": 0.7094972067039106,
          "support": 180
     },
     "1": {
          "precision": 0.8744075829383886,
          "recall": 0.8785714285714286,
          "f1-score": 0.8764845605700713,
          "support": 420
     },
     "accuracy": 0.8266666666666667,
     "macro avg": {
          "precision": 0.7939453645029022,
          "recall": 0.7920634920634921,
          "f1-score": 0.792990883636991,
          "support": 600
     },
     "weighted avg": {
          "precision": 0.8261302518770968,
          "recall": 0.8266666666666667,
          "f1-score": 0.8263883544102231,
          "support": 600
     }
}{
 "runtime": 122.31475569680333
}{
     "1": 0.7946251320774472,
     "2": 0.7973288740120561,
     "3": 0.7873168721314545,
     "4": 0.7875771567140439,
     "5": 0.7913072701341722
}{
 "overall_perf": 0.7916310610138348
}