{
    "num_instances": 397,
    "distribution": {
        "1": 278,
        "0": 119
    },
    "distribution_percentage": {
        "1": 70.02518891687657,
        "0": 29.974811083123427
    },
    "classes": [
        0,
        1
    ]
}