	num_instances	performance
0	30	0.0
1	70	0.04000000000000001
2	110	0.06000000000000001
3	150	0.15311942959001784
4	190	0.0901098901098901
5	230	0.11153846153846154
6	270	0.20564102564102563
7	310	0.28706766917293236
8	350	0.22829131652661067
9	390	0.14791208791208793
10	400	0.23106227106227104
