	num_instances	performance
0	100	0.32120464494096834
1	200	0.31043295224661144
2	300	0.3224790382598585
3	400	0.33461247429188695
4	500	0.35694508082524556
5	600	0.34418593527950575
6	700	0.3695302474902519
7	800	0.3922370918306441
