	num_instances	performance
0	30	0.6664335664335664
1	45	0.6818181818181819
2	60	0.6599999999999999
3	75	0.6599999999999999
4	90	0.6418181818181818
5	105	0.6333333333333333
6	120	0.6818181818181819
7	135	0.6333333333333333
8	150	0.6333333333333333
9	165	0.6333333333333333
10	180	0.6151515151515151
11	195	0.698961038961039
12	210	0.6918181818181818
