	num_instances	performance
0	30	0.10843227892081334
1	70	0.31250576019881643
2	110	0.27601398601398597
3	150	0.3532268907563025
4	190	0.4004769678206211
5	230	0.417526395173454
6	270	0.3819842017900523
7	310	0.40582785967985213
8	350	0.4282790079418494
9	390	0.39381983218403993
10	400	0.4220739798538145
