	num_instances	performance
0	100	0.6586058589746792
1	200	0.6965500829688831
2	300	0.7097556495165707
3	400	0.7233756320315973
4	500	0.721480942018516
5	600	0.7393276644629421
6	700	0.7226101987631681
7	800	0.7399778376369213
