	num_instances	performance
0	100	0.5132318039032372
1	200	0.5227715317471845
2	300	0.5905064368613131
3	400	0.6072277469285023
4	500	0.5823512115689196
5	600	0.5863221165414203
6	700	0.5659112598424664
7	800	0.5708944787841043
