	num_instances	performance
0	100	0.5338740579614571
1	200	0.5473357534140597
2	300	0.5430453353489026
3	400	0.5471155070974189
4	500	0.5382911395562893
5	600	0.5768376318936232
6	700	0.5930808292473768
7	800	0.649382774424553
