	num_instances	performance
0	30	0.13104514533085962
1	70	0.23188197767145136
2	110	0.3271912729203497
3	150	0.3635803528956384
4	190	0.43795918367346937
5	230	0.4488532963886473
6	270	0.49803375179091314
7	310	0.5565102779120752
8	350	0.5501049494551224
9	390	0.5992482194445728
10	400	0.5632616321920823
