	num_instances	performance
0	100	0.4753199102442117
1	200	0.4694537279272115
2	300	0.4803855131973235
3	400	0.4823906578493725
4	500	0.487501982760801
5	600	0.5000906830143337
6	700	0.5152465286602685
7	800	0.5487090321191606
