	num_instances	performance
0	100	0.5390235963993402
1	200	0.5679158577046142
2	300	0.5961969780923865
3	400	0.637040594321245
4	500	0.6435886610242301
5	600	0.6446581625863403
6	700	0.685172444593383
7	800	0.6789618361437632
8	900	0.6914051494381235
9	1000	0.697095587891732
10	1100	0.6911558400807102
11	1200	0.7134867676668788
