{
        "word_embedding": "glove",
        "neural network": "rnn",
        "dataset": "../data/SST-2/tsv/1000_70_30",
        "learning_rate": 0.1,
        "max epoch": 100,
        "mini batch size": 32,
        "seed": 5,
        "performance_measure": "g-mean"
}{
     "0": {
          "precision": 0.625,
          "recall": 0.4166666666666667,
          "f1-score": 0.5,
          "support": 60
     },
     "1": {
          "precision": 0.78125,
          "recall": 0.8928571428571429,
          "f1-score": 0.8333333333333334,
          "support": 140
     },
     "accuracy": 0.75,
     "macro avg": {
          "precision": 0.703125,
          "recall": 0.6547619047619048,
          "f1-score": 0.6666666666666667,
          "support": 200
     },
     "weighted avg": {
          "precision": 0.734375,
          "recall": 0.75,
          "f1-score": 0.7333333333333334,
          "support": 200
     }
}{
 "runtime": 28.5953932069242
}{
     "0": {
          "precision": 0.6756756756756757,
          "recall": 0.4166666666666667,
          "f1-score": 0.5154639175257731,
          "support": 60
     },
     "1": {
          "precision": 0.7852760736196319,
          "recall": 0.9142857142857143,
          "f1-score": 0.8448844884488449,
          "support": 140
     },
     "accuracy": 0.765,
     "macro avg": {
          "precision": 0.7304758746476538,
          "recall": 0.6654761904761904,
          "f1-score": 0.680174202987309,
          "support": 200
     },
     "weighted avg": {
          "precision": 0.752395954236445,
          "recall": 0.765,
          "f1-score": 0.7460583171719233,
          "support": 200
     }
}{
 "runtime": 30.43169692531228
}{
     "0": {
          "precision": 0.8125,
          "recall": 0.43333333333333335,
          "f1-score": 0.5652173913043479,
          "support": 60
     },
     "1": {
          "precision": 0.7976190476190477,
          "recall": 0.9571428571428572,
          "f1-score": 0.8701298701298702,
          "support": 140
     },
     "accuracy": 0.8,
     "macro avg": {
          "precision": 0.8050595238095238,
          "recall": 0.6952380952380952,
          "f1-score": 0.717673630717109,
          "support": 200
     },
     "weighted avg": {
          "precision": 0.8020833333333335,
          "recall": 0.8,
          "f1-score": 0.7786561264822134,
          "support": 200
     }
}{
 "runtime": 32.45064510963857
}{
     "0": {
          "precision": 0.7941176470588235,
          "recall": 0.45,
          "f1-score": 0.574468085106383,
          "support": 60
     },
     "1": {
          "precision": 0.8012048192771084,
          "recall": 0.95,
          "f1-score": 0.869281045751634,
          "support": 140
     },
     "accuracy": 0.8,
     "macro avg": {
          "precision": 0.797661233167966,
          "recall": 0.7,
          "f1-score": 0.7218745654290085,
          "support": 200
     },
     "weighted avg": {
          "precision": 0.7990786676116229,
          "recall": 0.8,
          "f1-score": 0.7808371575580587,
          "support": 200
     }
}{
 "runtime": 29.75891511514783
}{
     "0": {
          "precision": 0.6956521739130435,
          "recall": 0.5333333333333333,
          "f1-score": 0.6037735849056605,
          "support": 60
     },
     "1": {
          "precision": 0.8181818181818182,
          "recall": 0.9,
          "f1-score": 0.8571428571428572,
          "support": 140
     },
     "accuracy": 0.79,
     "macro avg": {
          "precision": 0.7569169960474309,
          "recall": 0.7166666666666667,
          "f1-score": 0.7304582210242588,
          "support": 200
     },
     "weighted avg": {
          "precision": 0.7814229249011858,
          "recall": 0.79,
          "f1-score": 0.7811320754716982,
          "support": 200
     }
}{
 "runtime": 29.988470958545804
}{
     "1": 0.6477984695434662,
     "2": 0.6579920755059072,
     "3": 0.6872997543873797,
     "4": 0.6928203230275509,
     "5": 0.7129048557369584
}{
 "overall_perf": 0.6797630956402525
}