{
        "word_embedding": "glove",
        "neural network": "rnn",
        "dataset": "../data/SST-2/tsv/500_50_50",
        "learning_rate": 0.1,
        "max epoch": 100,
        "mini batch size": 32,
        "seed": 5,
        "performance_measure": "accuracy"
}{
     "0": {
          "precision": 0.7674418604651163,
          "recall": 0.66,
          "f1-score": 0.7096774193548386,
          "support": 50
     },
     "1": {
          "precision": 0.7017543859649122,
          "recall": 0.8,
          "f1-score": 0.7476635514018691,
          "support": 50
     },
     "accuracy": 0.73,
     "macro avg": {
          "precision": 0.7345981232150143,
          "recall": 0.73,
          "f1-score": 0.7286704853783539,
          "support": 100
     },
     "weighted avg": {
          "precision": 0.7345981232150143,
          "recall": 0.73,
          "f1-score": 0.7286704853783539,
          "support": 100
     }
}{
 "runtime": 34.55643909238279
}{
     "0": {
          "precision": 0.6792452830188679,
          "recall": 0.72,
          "f1-score": 0.6990291262135921,
          "support": 50
     },
     "1": {
          "precision": 0.7021276595744681,
          "recall": 0.66,
          "f1-score": 0.6804123711340208,
          "support": 50
     },
     "accuracy": 0.69,
     "macro avg": {
          "precision": 0.690686471296668,
          "recall": 0.69,
          "f1-score": 0.6897207486738064,
          "support": 100
     },
     "weighted avg": {
          "precision": 0.690686471296668,
          "recall": 0.69,
          "f1-score": 0.6897207486738065,
          "support": 100
     }
}{
 "runtime": 35.64058833755553
}{
     "0": {
          "precision": 0.7142857142857143,
          "recall": 0.8,
          "f1-score": 0.7547169811320756,
          "support": 50
     },
     "1": {
          "precision": 0.7727272727272727,
          "recall": 0.68,
          "f1-score": 0.7234042553191491,
          "support": 50
     },
     "accuracy": 0.74,
     "macro avg": {
          "precision": 0.7435064935064934,
          "recall": 0.74,
          "f1-score": 0.7390606182256123,
          "support": 100
     },
     "weighted avg": {
          "precision": 0.7435064935064934,
          "recall": 0.74,
          "f1-score": 0.7390606182256124,
          "support": 100
     }
}{
 "runtime": 26.501667400822043
}{
     "0": {
          "precision": 0.7222222222222222,
          "recall": 0.78,
          "f1-score": 0.7500000000000001,
          "support": 50
     },
     "1": {
          "precision": 0.7608695652173914,
          "recall": 0.7,
          "f1-score": 0.7291666666666667,
          "support": 50
     },
     "accuracy": 0.74,
     "macro avg": {
          "precision": 0.7415458937198067,
          "recall": 0.74,
          "f1-score": 0.7395833333333335,
          "support": 100
     },
     "weighted avg": {
          "precision": 0.7415458937198067,
          "recall": 0.74,
          "f1-score": 0.7395833333333335,
          "support": 100
     }
}{
 "runtime": 29.95813929475844
}{
     "0": {
          "precision": 0.8421052631578947,
          "recall": 0.64,
          "f1-score": 0.7272727272727272,
          "support": 50
     },
     "1": {
          "precision": 0.7096774193548387,
          "recall": 0.88,
          "f1-score": 0.7857142857142856,
          "support": 50
     },
     "accuracy": 0.76,
     "macro avg": {
          "precision": 0.7758913412563667,
          "recall": 0.76,
          "f1-score": 0.7564935064935063,
          "support": 100
     },
     "weighted avg": {
          "precision": 0.7758913412563666,
          "recall": 0.76,
          "f1-score": 0.7564935064935063,
          "support": 100
     }
}{
 "runtime": 26.75532347895205
}{
     "1": 0.73,
     "2": 0.69,
     "3": 0.74,
     "4": 0.74,
     "5": 0.76
}{
 "overall_perf": 0.732
}