	num_instances	performance
0	100	0.6651420394867511
1	200	0.6993639186871199
2	300	0.7185891852013484
3	400	0.741458774197262
4	500	0.7315801191252572
5	600	0.7475092404736745
6	700	0.7507534527881597
7	800	0.7488415651514857
