	num_instances	performance
0	30	0.1592207792207792
1	80	0.28164010929968375
2	130	0.3569101320415091
3	180	0.39424408014571943
4	230	0.42025955609627524
5	280	0.4383256291730867
6	330	0.42122365357658315
7	380	0.38973044955687197
8	400	0.427661733615222
