	num_instances	performance
0	100	0.5812341441224048
1	200	0.6461443593915265
2	300	0.7037939114243894
3	400	0.7211130030538148
4	500	0.7384613902277195
5	600	0.7078892971304496
6	700	0.7273710814460587
7	800	0.7100577268691308
