	num_instances	performance
0	100	0.3453448885593525
1	200	0.3646477795609041
2	300	0.4509225980726913
3	400	0.4729695686553958
4	500	0.4874767782569835
5	600	0.4700748844249018
6	700	0.5156337049933865
7	800	0.5180532497575777
