	num_instances	performance
0	100	0.5504339509288627
1	200	0.5774439340318628
2	300	0.6001850724469564
3	400	0.6189771183580227
4	500	0.6276740123901652
5	600	0.6190310083739798
6	700	0.6069826637580562
7	800	0.5976317532335766
