	num_instances	performance
0	30	0.14117119966266076
1	70	0.22969923487365346
2	110	0.2391170510757495
3	150	0.32252296722884954
4	190	0.34014092140921404
5	230	0.33219455341406556
6	270	0.4036792974784114
7	310	0.42058319039451114
8	350	0.4348240636764335
9	390	0.41423814728545716
10	400	0.43133525596361455
