	num_instances	performance
0	100	0.5788853439879287
1	200	0.6310719475904376
2	300	0.6587873782838619
3	400	0.679733204531231
4	500	0.7032012949228701
5	600	0.7207902549800798
6	700	0.732687463744296
7	800	0.7297410052555695
