	num_instances	performance
0	100	0.47801494398454414
1	200	0.4845558678995324
2	300	0.49218102035923944
3	400	0.4949131156349873
4	500	0.4982882725648608
5	600	0.518773185590996
6	700	0.5274256780379444
7	800	0.5458230095396986
