	num_instances	performance
0	30	0.022222222222222223
1	80	0.0
2	130	0.0
3	180	0.0
4	230	0.0
5	280	0.03636363636363636
6	330	0.21536241536241535
7	380	0.11523809523809522
8	400	0.15487179487179487
