{
         "word_embedding": "bert",
         "document_embedding": "Transformer_eng",
         "neural network": "rnn",
         "dataset": "../data/SST-2/tsv/3000_90_10",
         "learning_rate": 0.1,
         "max epoch": 100,
         "mini batch size": 16,
         "seed": 5,
         "performance_measure": "g-mean"
}{
     "0": {
          "precision": 0.7659574468085106,
          "recall": 0.6,
          "f1-score": 0.6728971962616823,
          "support": 60
     },
     "1": {
          "precision": 0.9566003616636528,
          "recall": 0.9796296296296296,
          "f1-score": 0.9679780420860017,
          "support": 540
     },
     "accuracy": 0.9416666666666667,
     "macro avg": {
          "precision": 0.8612789042360818,
          "recall": 0.7898148148148147,
          "f1-score": 0.8204376191738421,
          "support": 600
     },
     "weighted avg": {
          "precision": 0.9375360701781387,
          "recall": 0.9416666666666667,
          "f1-score": 0.9384699575035698,
          "support": 600
     }
}{
 "runtime": 221.27607628889382
}{
     "0": {
          "precision": 0.9310344827586207,
          "recall": 0.45,
          "f1-score": 0.6067415730337079,
          "support": 60
     },
     "1": {
          "precision": 0.9422066549912435,
          "recall": 0.9962962962962963,
          "f1-score": 0.9684968496849685,
          "support": 540
     },
     "accuracy": 0.9416666666666667,
     "macro avg": {
          "precision": 0.9366205688749321,
          "recall": 0.7231481481481482,
          "f1-score": 0.7876192113593382,
          "support": 600
     },
     "weighted avg": {
          "precision": 0.941089437767981,
          "recall": 0.9416666666666667,
          "f1-score": 0.9323213220198424,
          "support": 600
     }
}{
 "runtime": 223.9564219955355
}{
     "0": {
          "precision": 0.8181818181818182,
          "recall": 0.3,
          "f1-score": 0.43902439024390244,
          "support": 60
     },
     "1": {
          "precision": 0.9273356401384083,
          "recall": 0.9925925925925926,
          "f1-score": 0.9588550983899821,
          "support": 540
     },
     "accuracy": 0.9233333333333333,
     "macro avg": {
          "precision": 0.8727587291601133,
          "recall": 0.6462962962962963,
          "f1-score": 0.6989397443169423,
          "support": 600
     },
     "weighted avg": {
          "precision": 0.9164202579427494,
          "recall": 0.9233333333333333,
          "f1-score": 0.9068720275753742,
          "support": 600
     }
}{
 "runtime": 224.57649078965187
}{
     "0": {
          "precision": 0.6190476190476191,
          "recall": 0.43333333333333335,
          "f1-score": 0.5098039215686274,
          "support": 60
     },
     "1": {
          "precision": 0.9390681003584229,
          "recall": 0.9703703703703703,
          "f1-score": 0.9544626593806921,
          "support": 540
     },
     "accuracy": 0.9166666666666666,
     "macro avg": {
          "precision": 0.779057859703021,
          "recall": 0.7018518518518518,
          "f1-score": 0.7321332904746598,
          "support": 600
     },
     "weighted avg": {
          "precision": 0.9070660522273425,
          "recall": 0.9166666666666666,
          "f1-score": 0.9099967855994856,
          "support": 600
     }
}{
 "runtime": 227.76523959822953
}{
     "0": {
          "precision": 0.8076923076923077,
          "recall": 0.35,
          "f1-score": 0.48837209302325585,
          "support": 60
     },
     "1": {
          "precision": 0.9320557491289199,
          "recall": 0.9907407407407407,
          "f1-score": 0.9605026929982047,
          "support": 540
     },
     "accuracy": 0.9266666666666666,
     "macro avg": {
          "precision": 0.8698740284106138,
          "recall": 0.6703703703703703,
          "f1-score": 0.7244373930107303,
          "support": 600
     },
     "weighted avg": {
          "precision": 0.9196194049852586,
          "recall": 0.9266666666666666,
          "f1-score": 0.91328963300071,
          "support": 600
     }
}{
 "runtime": 223.73475112579763
}{
     "1": 0.7750796454495006,
     "2": 0.6893423686634733,
     "3": 0.5839087109437993,
     "4": 0.6681696021849173,
     "5": 0.6194422022879201
}{
 "overall_perf": 0.667188505905922
}{
 "overall_runtime": 224.26179595962168
}