	num_instances	performance
0	100	0.6312026727790394
1	200	0.7708879308787575
2	300	0.7854147865015422
3	400	0.8279616209083727
4	500	0.813243815802247
5	600	0.8260221341115788
6	700	0.8172727443099707
7	800	0.8348631480622117
