	num_instances	performance
0	100	0.6574476737622804
1	200	0.683987451729817
2	300	0.7108684018991835
3	400	0.694599229553185
4	500	0.7130065477937125
5	600	0.7200864836381078
6	700	0.7159566943860659
7	800	0.7275714170223642
