	num_instances	performance
0	30	0.09213836477987422
1	80	0.0
2	130	0.016000000000000004
3	180	0.03484848484848485
4	230	0.0990225406777131
5	280	0.210122211621462
6	330	0.29070569070569074
7	380	0.3739933950531091
8	400	0.39944251388517626
