	num_instances	performance
0	100	0.6181210637626421
1	200	0.6981239900205611
2	300	0.7411370163331095
3	400	0.7575049283149641
4	500	0.7678603754297015
5	600	0.7875289572814231
6	700	0.8042641822926159
7	800	0.7957674687733297
