	num_instances	performance
0	100	0.5979405662821679
1	200	0.6240388563150134
2	300	0.6735755772359523
3	400	0.6877144860694023
4	500	0.7023757840679005
5	600	0.7158082057077917
6	700	0.7290203614459237
7	800	0.742606723960749
