	num_instances	performance
0	100	0.6796171852939277
1	200	0.7030428770730491
2	300	0.7162317462243865
3	400	0.7240600340956247
4	500	0.7398181380996548
5	600	0.7458913412432115
6	700	0.7543812001698267
7	800	0.7467556437754296
