	num_instances	performance
0	100	0.46236732510501194
1	200	0.48492566068408277
2	300	0.523687519941947
3	400	0.5366180305740211
4	500	0.5142993529184446
5	600	0.5138014769820256
6	700	0.5228939589886759
7	800	0.5573246242351448
