	num_instances	performance
0	100	0.6422507459668996
1	200	0.6245152980772742
2	300	0.6594246931176221
3	400	0.6406958520590019
4	500	0.7011452887314646
5	600	0.6711972299142485
6	700	0.7012196180946189
7	800	0.7243603491065385
