	num_instances	performance
0	100	0.6185880506514414
1	200	0.6136767172458238
2	300	0.6211502449544707
3	400	0.6301682053219688
4	500	0.6123420832230135
5	600	0.6316722395602692
6	700	0.6438592864461411
7	800	0.6496626085700921
8	900	0.6646177202653523
9	1000	0.6686828460812887
10	1100	0.6964253797740844
11	1200	0.7036338450743005
12	1300	0.6996594823606934
13	1400	0.7203199568752102
14	1500	0.7110049372580749
15	1600	0.7326961031644184
