	num_instances	performance
0	100	0.31010534892591807
1	200	0.3114443588426131
2	300	0.3221624915451672
3	400	0.2986666666666667
4	500	0.34946097374943924
5	600	0.34670103659916307
6	700	0.3339064713549663
7	800	0.33392877712511193
