	num_instances	performance
0	30	0.43896103896103894
1	45	0.6235764235764235
2	60	0.5599999999999999
3	75	0.5807792207792208
4	90	0.546969696969697
5	105	0.51
6	120	0.49714285714285716
7	135	0.5166666666666666
8	150	0.45714285714285713
9	165	0.41714285714285715
10	180	0.4318181818181818
11	195	0.4771428571428572
12	210	0.2777777777777778
