	num_instances	performance
0	100	0.5181952181942044
1	200	0.5334055363151166
2	300	0.5606992697333041
3	400	0.5846055672932978
4	500	0.5428288779917898
5	600	0.57012604882961
6	700	0.5665774552496294
7	800	0.6001425464244565
