	num_instances	performance
0	100	0.6092094020028078
1	200	0.6685604272428014
2	300	0.6929724554205785
3	400	0.7142354253544003
4	500	0.7288536898546248
5	600	0.7429927745682781
6	700	0.7492417995114464
7	800	0.762098171218492
