	num_instances	performance
0	30	0.20687613019891504
1	70	0.3407726297286263
2	110	0.4979378731686788
3	150	0.576574914447255
4	190	0.6291733686024499
5	230	0.6246003868735673
6	270	0.5870015894654801
7	310	0.591750398724083
8	350	0.5748710549803043
9	390	0.5926372551429204
10	400	0.5803171329200986
