{
    "num_instances": 3498,
    "distribution": {
        "1": 1951,
        "0": 1547
    },
    "distribution_percentage": {
        "1": 55.77472841623785,
        "0": 44.22527158376215
    },
    "classes": [
        0,
        1
    ]
}