	num_instances	performance
0	30	0.11487179487179486
1	70	0.289458782090361
2	110	0.2872676445032976
3	150	0.3793247054919529
4	190	0.35605876393110436
5	230	0.41362582345191035
6	270	0.3706172661177717
7	310	0.4043632046920319
8	350	0.4526361655773421
9	390	0.3919147700595547
10	400	0.44282000757862827
