{
        "word_embedding": "glove",
        "neural network": "rnn",
        "dataset": "../data/SST-2/tsv/1000_70_30",
        "learning_rate": 0.1,
        "max epoch": 100,
        "mini batch size": 16,
        "seed": 5,
        "performance_measure": "f1"
}{
     "0": {
          "precision": 0.5081967213114754,
          "recall": 0.5166666666666667,
          "f1-score": 0.5123966942148761,
          "support": 60
     },
     "1": {
          "precision": 0.7913669064748201,
          "recall": 0.7857142857142857,
          "f1-score": 0.7885304659498209,
          "support": 140
     },
     "accuracy": 0.705,
     "macro avg": {
          "precision": 0.6497818138931477,
          "recall": 0.6511904761904762,
          "f1-score": 0.6504635800823485,
          "support": 200
     },
     "weighted avg": {
          "precision": 0.7064158509258168,
          "recall": 0.705,
          "f1-score": 0.7056903344293375,
          "support": 200
     }
}{
 "runtime": 31.377866320312023
}{
     "0": {
          "precision": 0.6346153846153846,
          "recall": 0.55,
          "f1-score": 0.5892857142857143,
          "support": 60
     },
     "1": {
          "precision": 0.8175675675675675,
          "recall": 0.8642857142857143,
          "f1-score": 0.8402777777777778,
          "support": 140
     },
     "accuracy": 0.77,
     "macro avg": {
          "precision": 0.7260914760914761,
          "recall": 0.7071428571428572,
          "f1-score": 0.714781746031746,
          "support": 200
     },
     "weighted avg": {
          "precision": 0.7626819126819125,
          "recall": 0.77,
          "f1-score": 0.7649801587301588,
          "support": 200
     }
}{
 "runtime": 33.13872684817761
}{
     "0": {
          "precision": 0.7307692307692307,
          "recall": 0.6333333333333333,
          "f1-score": 0.6785714285714285,
          "support": 60
     },
     "1": {
          "precision": 0.8513513513513513,
          "recall": 0.9,
          "f1-score": 0.875,
          "support": 140
     },
     "accuracy": 0.82,
     "macro avg": {
          "precision": 0.7910602910602911,
          "recall": 0.7666666666666666,
          "f1-score": 0.7767857142857142,
          "support": 200
     },
     "weighted avg": {
          "precision": 0.8151767151767152,
          "recall": 0.82,
          "f1-score": 0.8160714285714286,
          "support": 200
     }
}{
 "runtime": 32.25618537701666
}{
     "0": {
          "precision": 0.6666666666666666,
          "recall": 0.5,
          "f1-score": 0.5714285714285715,
          "support": 60
     },
     "1": {
          "precision": 0.8064516129032258,
          "recall": 0.8928571428571429,
          "f1-score": 0.8474576271186439,
          "support": 140
     },
     "accuracy": 0.775,
     "macro avg": {
          "precision": 0.7365591397849462,
          "recall": 0.6964285714285714,
          "f1-score": 0.7094430992736077,
          "support": 200
     },
     "weighted avg": {
          "precision": 0.764516129032258,
          "recall": 0.775,
          "f1-score": 0.7646489104116222,
          "support": 200
     }
}{
 "runtime": 34.27406751550734
}{
     "0": {
          "precision": 0.65,
          "recall": 0.65,
          "f1-score": 0.65,
          "support": 60
     },
     "1": {
          "precision": 0.85,
          "recall": 0.85,
          "f1-score": 0.85,
          "support": 140
     },
     "accuracy": 0.79,
     "macro avg": {
          "precision": 0.75,
          "recall": 0.75,
          "f1-score": 0.75,
          "support": 200
     },
     "weighted avg": {
          "precision": 0.79,
          "recall": 0.79,
          "f1-score": 0.79,
          "support": 200
     }
}{
 "runtime": 37.23998912982643
}{
     "1": 0.5123966942148761,
     "2": 0.5892857142857143,
     "3": 0.6785714285714285,
     "4": 0.5714285714285715,
     "5": 0.65
}{
 "overall_perf": 0.6003364817001181
}