	num_instances	performance
0	30	0.5705040959449359
1	45	0.534430438447915
2	60	0.6596667783922687
3	75	0.629122725491124
4	90	0.6351678447692941
5	105	0.5952258721670487
6	120	0.5771134610143898
7	135	0.601017658930063
8	150	0.6146635376869931
9	165	0.6010276669590394
10	180	0.6469271775156372
11	195	0.645952295945846
12	210	0.6501518939445197
13	225	0.6228695498455336
14	240	0.6650448195404336
15	255	0.6677041842800133
