	num_instances	performance
0	100	0.30842716804024256
1	200	0.34223468517754296
2	300	0.4083290608766985
3	400	0.41481741767423347
4	500	0.4478894324847683
5	600	0.4755465474220168
6	700	0.5079044745934691
7	800	0.4750764962695235
