	num_instances	performance
0	100	0.32021069785183603
1	200	0.31043868225925136
2	300	0.32219874999431186
3	400	0.4006540157653723
4	500	0.3756161302093029
5	600	0.3791749988390017
6	700	0.43012708605171746
7	800	0.4359120692401463
