	num_instances	performance
0	100	0.5126820255175308
1	200	0.5761834963913127
2	300	0.579485729717006
3	400	0.5966755524523942
4	500	0.6033373469114627
5	600	0.6097906338183103
6	700	0.5952652554989142
7	800	0.6012856022673954
