{
         "word_embedding": "flair",
         "document_embedding": "RNN",
         "neural network": "rnn",
         "dataset": "../data/SST-2/tsv/1000_70_30",
         "learning_rate": 0.1,
         "max epoch": 100,
         "mini batch size": 16,
         "seed": 5,
         "performance_measure": "g-mean"
}{
     "0": {
          "precision": 0.7674418604651163,
          "recall": 0.55,
          "f1-score": 0.6407766990291263,
          "support": 60
     },
     "1": {
          "precision": 0.8280254777070064,
          "recall": 0.9285714285714286,
          "f1-score": 0.8754208754208754,
          "support": 140
     },
     "accuracy": 0.815,
     "macro avg": {
          "precision": 0.7977336690860614,
          "recall": 0.7392857142857143,
          "f1-score": 0.7580987872250009,
          "support": 200
     },
     "weighted avg": {
          "precision": 0.8098503925344395,
          "recall": 0.815,
          "f1-score": 0.8050276225033507,
          "support": 200
     }
}{
 "runtime": 52.03420204855502
}{
     "0": {
          "precision": 0.6170212765957447,
          "recall": 0.48333333333333334,
          "f1-score": 0.5420560747663552,
          "support": 60
     },
     "1": {
          "precision": 0.7973856209150327,
          "recall": 0.8714285714285714,
          "f1-score": 0.832764505119454,
          "support": 140
     },
     "accuracy": 0.755,
     "macro avg": {
          "precision": 0.7072034487553887,
          "recall": 0.6773809523809524,
          "f1-score": 0.6874102899429047,
          "support": 200
     },
     "weighted avg": {
          "precision": 0.7432763176192464,
          "recall": 0.755,
          "f1-score": 0.7455519760135243,
          "support": 200
     }
}{
 "runtime": 52.091133596375585
}{
     "0": {
          "precision": 0.7931034482758621,
          "recall": 0.7666666666666667,
          "f1-score": 0.7796610169491527,
          "support": 60
     },
     "1": {
          "precision": 0.9014084507042254,
          "recall": 0.9142857142857143,
          "f1-score": 0.9078014184397163,
          "support": 140
     },
     "accuracy": 0.87,
     "macro avg": {
          "precision": 0.8472559494900438,
          "recall": 0.8404761904761905,
          "f1-score": 0.8437312176944345,
          "support": 200
     },
     "weighted avg": {
          "precision": 0.8689169499757164,
          "recall": 0.87,
          "f1-score": 0.8693592979925472,
          "support": 200
     }
}{
 "runtime": 75.98170454800129
}{
     "0": {
          "precision": 0.7,
          "recall": 0.5833333333333334,
          "f1-score": 0.6363636363636365,
          "support": 60
     },
     "1": {
          "precision": 0.8333333333333334,
          "recall": 0.8928571428571429,
          "f1-score": 0.8620689655172413,
          "support": 140
     },
     "accuracy": 0.8,
     "macro avg": {
          "precision": 0.7666666666666666,
          "recall": 0.7380952380952381,
          "f1-score": 0.7492163009404389,
          "support": 200
     },
     "weighted avg": {
          "precision": 0.7933333333333334,
          "recall": 0.8,
          "f1-score": 0.7943573667711599,
          "support": 200
     }
}{
 "runtime": 75.23499000631273
}{
     "0": {
          "precision": 0.723404255319149,
          "recall": 0.5666666666666667,
          "f1-score": 0.6355140186915887,
          "support": 60
     },
     "1": {
          "precision": 0.8300653594771242,
          "recall": 0.9071428571428571,
          "f1-score": 0.8668941979522184,
          "support": 140
     },
     "accuracy": 0.805,
     "macro avg": {
          "precision": 0.7767348073981366,
          "recall": 0.736904761904762,
          "f1-score": 0.7512041083219037,
          "support": 200
     },
     "weighted avg": {
          "precision": 0.7980670282297316,
          "recall": 0.805,
          "f1-score": 0.7974801441740295,
          "support": 200
     }
}{
 "runtime": 79.83246687427163
}{
     "1": 0.7353983371518555,
     "2": 0.6729191913560187,
     "3": 0.8399574819171334,
     "4": 0.7354946505260123,
     "5": 0.7337517745577632
}{
 "overall_perf": 0.7435042871017565
}{
 "overall_runtime": 67.03489941470325
}