	num_instances	performance
0	100	0.6500677305375305
1	200	0.6804904372976075
2	300	0.705422626635943
3	400	0.704840451632144
4	500	0.7408033820102624
5	600	0.7173530865718959
6	700	0.7391893340614633
7	800	0.742481420247158
