	num_instances	performance
0	30	0.49393241855672115
1	80	0.5783796985085122
2	130	0.5848473911359336
3	180	0.5814453831014155
4	230	0.5623379887221721
5	280	0.6088370794216685
6	330	0.5973781210959246
7	380	0.6318667990644289
8	430	0.6504815510876739
9	480	0.6630854142110371
10	530	0.6668246159658465
11	580	0.661661681365145
12	630	0.6701459985927986
13	680	0.6781237668429141
14	730	0.6791844158490195
15	780	0.700436919008434
16	800	0.6947263817870593
