	num_instances	performance
0	100	0.30811102550927977
1	200	0.29733333333333334
2	300	0.32221637443519785
3	400	0.3816075079541294
4	500	0.3802511446390981
5	600	0.39686383548974313
6	700	0.38767129379337123
7	800	0.42303164152952843
