	num_instances	performance
0	100	0.4637366712363863
1	200	0.5732359221623379
2	300	0.5717262512762289
3	400	0.6007514477668017
4	500	0.5784336866389758
5	600	0.598734449861752
6	700	0.5881076244692556
7	800	0.5741981498372002
