	num_instances	performance
0	100	0.3329177205191099
1	200	0.42689319187073177
2	300	0.4458467512681802
3	400	0.4529139414657516
4	500	0.5224509331495126
5	600	0.4948856160454599
6	700	0.5263894226069372
7	800	0.5086749888114249
