{
           "num_instances": 19997,
           "distribution": {
                      "rec.autos": 1000,
                      "comp.sys.ibm.pc.hardware": 1000,
                      "comp.os.ms-windows.misc": 1000,
                      "comp.graphics": 1000,
                      "talk.politics.mideast": 1000,
                      "talk.politics.misc": 1000,
                      "rec.motorcycles": 1000,
                      "comp.windows.x": 1000,
                      "rec.sport.baseball": 1000,
                      "sci.space": 1000,
                      "alt.atheism": 1000,
                      "talk.religion.misc": 1000,
                      "misc.forsale": 1000,
                      "sci.electronics": 1000,
                      "rec.sport.hockey": 1000,
                      "sci.med": 1000,
                      "comp.sys.mac.hardware": 1000,
                      "talk.politics.guns": 1000,
                      "sci.crypt": 1000,
                      "soc.religion.christian": 997
           },
           "distribution_percentage": {
                      "rec.autos": 5.000750112516878,
                      "comp.sys.ibm.pc.hardware": 5.000750112516878,
                      "comp.os.ms-windows.misc": 5.000750112516878,
                      "comp.graphics": 5.000750112516878,
                      "talk.politics.mideast": 5.000750112516878,
                      "talk.politics.misc": 5.000750112516878,
                      "rec.motorcycles": 5.000750112516878,
                      "comp.windows.x": 5.000750112516878,
                      "rec.sport.baseball": 5.000750112516878,
                      "sci.space": 5.000750112516878,
                      "alt.atheism": 5.000750112516878,
                      "talk.religion.misc": 5.000750112516878,
                      "misc.forsale": 5.000750112516878,
                      "sci.electronics": 5.000750112516878,
                      "rec.sport.hockey": 5.000750112516878,
                      "sci.med": 5.000750112516878,
                      "comp.sys.mac.hardware": 5.000750112516878,
                      "talk.politics.guns": 5.000750112516878,
                      "sci.crypt": 5.000750112516878,
                      "soc.religion.christian": 4.985747862179327
           },
           "classes": [
                      "sci.space",
                      "comp.sys.ibm.pc.hardware",
                      "rec.autos",
                      "talk.politics.guns",
                      "alt.atheism",
                      "comp.os.ms-windows.misc",
                      "talk.politics.mideast",
                      "comp.windows.x",
                      "soc.religion.christian",
                      "rec.sport.baseball",
                      "sci.med",
                      "sci.crypt",
                      "rec.motorcycles",
                      "comp.graphics",
                      "talk.politics.misc",
                      "misc.forsale",
                      "rec.sport.hockey",
                      "talk.religion.misc",
                      "sci.electronics",
                      "comp.sys.mac.hardware"
           ],
           "longest instance": "newsgroups : sci.crypt path : cantaloupe.srv.cs.cmu.edu ! das-news.harvard.edu ! noc.near.net ! uunet ! haven.umd.edu ! darwin.sura.net ! news-feed-1.peachnet.edu ! umn.edu ! csus.edu ! netcom.com ! jef from : jef @ netcom.com ( jef poskanzer ) subject : re : secret algorithm [ re : clipper chip crypto key-escrow ] message-id : < jefc5nqhs.9sy @ netcom.com > x-face : upie ) , q ] +zmf49l % ( pde ; nx/8 $ /j22 & & & c @ _ ) 8bouyx42y -- ? * , \\ ] *miety # mcm ( x > fyd @ +0d-jm ] s_8lxop ( q- $ l # ~b8 ! ha ; ef [ b+golyu < ] 4 $ '' > nevymj @ f # m ? 1o ` ue4 , h4 ` 2s^kgjmp % ( , : < ur : +f6w8 $ j : 't",
           "lo_length": 611,
           "shortest instance": "newsgroups : misc.forsale path : cantaloupe.srv.cs.cmu.edu ! rochester ! udel ! news.udel.edu ! darwin.sura.net ! presby.edu ! sebugg from : sebugg @ presby.edu ( stephen buggie ) subject : lps sale message-id : < 1993apr27.033529.27966 @ presby.edu > date : tue , 27 apr 93 03:35:29 gmt distribution : na organization : presbyterian college , clinton sc , usa lines : 1",
           "sh_length": 370,
           "mean length of instances": 535.2283342501376,
           "stdev of length of instances": 12.555066596005759,
           "median": 537
}