	num_instances	performance
0	100	0.3320013696808976
1	200	0.3372754728192799
2	300	0.32499495789050287
3	400	0.31861581188716115
4	500	0.33425954892644294
5	600	0.3123333333333333
6	700	0.33722683739644094
7	800	0.3123299747684637
8	900	0.37183500220182025
9	1000	0.3905631094658428
10	1100	0.39140171131992163
11	1200	0.3672184726500448
12	1300	0.3718873569485903
13	1400	0.4051044804327959
14	1500	0.4990047195276316
15	1600	0.41546039069067753
