	num_instances	performance
0	30	0.17271750805585392
1	80	0.26262987726402365
2	130	0.41262535913698706
3	180	0.4445751219926256
4	230	0.485257110232185
5	280	0.5535825840444075
6	330	0.541103896103896
7	380	0.5913449180883626
8	400	0.5959086772105164
