	num_instances	performance
0	30	0.23472449119507943
1	70	0.25442320388709616
2	110	0.41085840058694056
3	150	0.4346197269519864
4	190	0.4871313129532856
5	230	0.5640077347608644
6	270	0.539242918314718
7	310	0.5958700779382283
8	350	0.5565151234429724
9	390	0.5510562037352111
10	400	0.5910150525966116
