	num_instances	performance
0	30	0.7905933520268512
1	45	0.7724274505773118
2	60	0.7870583843839888
3	75	0.8183791891998577
4	90	0.7942295293359123
5	105	0.7938184417155224
6	120	0.8075840043182942
7	135	0.7442993105567135
8	150	0.7743708149384917
9	165	0.784971334971335
10	180	0.7675669740887132
11	195	0.7458837570115766
12	210	0.7651151795040959
13	225	0.7664290529154028
14	240	0.763281271244797
15	255	0.748216336179862
