	num_instances	performance
0	100	0.36563477491721574
1	200	0.47306181700316896
2	300	0.5720550516046211
3	400	0.5884004449142555
4	500	0.5764600553455391
5	600	0.6416325769851858
6	700	0.6102296079290023
7	800	0.6386074592034923
