{
        "word_embedding": "flair",
        "neural network": "rnn",
        "dataset": "../data/SST-2/tsv/500_70_30",
        "learning_rate": 0.1,
        "max epoch": 100,
        "mini batch size": 16,
        "seed": 5,
        "performance_measure": "f1"
}{
     "0": {
          "precision": 0.4,
          "recall": 0.2,
          "f1-score": 0.26666666666666666,
          "support": 30
     },
     "1": {
          "precision": 0.7176470588235294,
          "recall": 0.8714285714285714,
          "f1-score": 0.7870967741935484,
          "support": 70
     },
     "accuracy": 0.67,
     "macro avg": {
          "precision": 0.5588235294117647,
          "recall": 0.5357142857142857,
          "f1-score": 0.5268817204301075,
          "support": 100
     },
     "weighted avg": {
          "precision": 0.6223529411764706,
          "recall": 0.67,
          "f1-score": 0.6309677419354839,
          "support": 100
     }
}{
 "runtime": 65.24259524047375
}{
     "0": {
          "precision": 0.6,
          "recall": 0.3,
          "f1-score": 0.4,
          "support": 30
     },
     "1": {
          "precision": 0.7529411764705882,
          "recall": 0.9142857142857143,
          "f1-score": 0.8258064516129033,
          "support": 70
     },
     "accuracy": 0.73,
     "macro avg": {
          "precision": 0.6764705882352942,
          "recall": 0.6071428571428571,
          "f1-score": 0.6129032258064517,
          "support": 100
     },
     "weighted avg": {
          "precision": 0.7070588235294117,
          "recall": 0.73,
          "f1-score": 0.6980645161290323,
          "support": 100
     }
}{
 "runtime": 61.36686834320426
}{
     "0": {
          "precision": 0.4827586206896552,
          "recall": 0.4666666666666667,
          "f1-score": 0.47457627118644075,
          "support": 30
     },
     "1": {
          "precision": 0.7746478873239436,
          "recall": 0.7857142857142857,
          "f1-score": 0.7801418439716311,
          "support": 70
     },
     "accuracy": 0.69,
     "macro avg": {
          "precision": 0.6287032540067994,
          "recall": 0.6261904761904762,
          "f1-score": 0.627359057579036,
          "support": 100
     },
     "weighted avg": {
          "precision": 0.6870811073336571,
          "recall": 0.69,
          "f1-score": 0.6884721721360739,
          "support": 100
     }
}{
 "runtime": 57.532416416332126
}{
     "0": {
          "precision": 0.55,
          "recall": 0.36666666666666664,
          "f1-score": 0.43999999999999995,
          "support": 30
     },
     "1": {
          "precision": 0.7625,
          "recall": 0.8714285714285714,
          "f1-score": 0.8133333333333334,
          "support": 70
     },
     "accuracy": 0.72,
     "macro avg": {
          "precision": 0.65625,
          "recall": 0.6190476190476191,
          "f1-score": 0.6266666666666667,
          "support": 100
     },
     "weighted avg": {
          "precision": 0.69875,
          "recall": 0.72,
          "f1-score": 0.7013333333333334,
          "support": 100
     }
}{
 "runtime": 53.024645794183016
}{
     "0": {
          "precision": 0.44,
          "recall": 0.36666666666666664,
          "f1-score": 0.4,
          "support": 30
     },
     "1": {
          "precision": 0.7466666666666667,
          "recall": 0.8,
          "f1-score": 0.7724137931034483,
          "support": 70
     },
     "accuracy": 0.67,
     "macro avg": {
          "precision": 0.5933333333333334,
          "recall": 0.5833333333333334,
          "f1-score": 0.5862068965517242,
          "support": 100
     },
     "weighted avg": {
          "precision": 0.6546666666666667,
          "recall": 0.67,
          "f1-score": 0.6606896551724138,
          "support": 100
     }
}{
 "runtime": 57.25666140206158
}{
     "1": 0.26666666666666666,
     "2": 0.4,
     "3": 0.47457627118644075,
     "4": 0.43999999999999995,
     "5": 0.4
}{
 "overall_perf": 0.39624858757062154
}