	num_instances	performance
0	100	0.59573966922002
1	200	0.6603671732555754
2	300	0.6743858302367256
3	400	0.6879579583188403
4	500	0.6950171360815124
5	600	0.7119582641817875
6	700	0.7094622282581728
7	800	0.7156427886476815
