	num_instances	performance
0	100	0.6445277137995168
1	200	0.7106373622853239
2	300	0.7110914870548374
3	400	0.7197836926493488
4	500	0.741837238409141
5	600	0.7246683436426328
6	700	0.7201823680182671
7	800	0.7279367085228093
