	num_instances	performance
0	6735	0.7993119266055045
1	6755	0.8096330275229358
2	6775	0.8096330275229358
3	6795	0.8176605504587156
