	num_instances	performance
0	100	0.7332568633179403
1	200	0.8821918644341142
2	300	0.9120997943962672
3	400	0.9114946995313323
4	500	0.9264690727443631
5	600	0.9469629662710224
6	700	0.9441526357875821
7	800	0.9546625789022523
