	num_instances	performance
0	100	0.311105348925918
1	200	0.3439775628217239
2	300	0.36550206760743675
3	400	0.4261720062607675
4	500	0.3780248937483083
5	600	0.4110162654829811
6	700	0.4214121105668089
7	800	0.47118566793274114
