	num_instances	performance
0	100	0.5889998777588101
1	200	0.65013351865883
2	300	0.6712451156558658
3	400	0.6900667716279569
4	500	0.7136156244362615
5	600	0.7276000940454468
6	700	0.7362636654121828
7	800	0.7403572885619282
