	num_instances	performance
0	30	0.21551457665309653
1	80	0.3319437533037828
2	130	0.40615563298490126
3	180	0.515623833821581
4	230	0.5648119658119659
5	280	0.572191853285829
6	330	0.5739250508300818
7	380	0.5868418816413729
8	400	0.5684155151889505
