	num_instances	performance
0	30	0.0
1	70	0.03636363636363636
2	110	0.03333333333333334
3	150	0.028571428571428574
4	190	0.030769230769230764
5	230	0.0696969696969697
6	270	0.12000000000000002
7	310	0.11675579322638145
8	350	0.14611528822055136
9	390	0.24285714285714288
10	400	0.2681501831501831
