	num_instances	performance
0	100	0.5767354660025688
1	200	0.6380457153885709
2	300	0.6634696617733884
3	400	0.6878918153361535
4	500	0.6900158257909519
5	600	0.720592926913447
6	700	0.7127524489523427
7	800	0.7216367121388806
