	num_instances	performance
0	100	0.30000000000000004
1	200	0.31244998274671987
2	300	0.3640044452020967
3	400	0.3669384924824025
4	500	0.34395793739085373
5	600	0.36439155531692735
6	700	0.40150931203080703
7	800	0.43481493090411716
