	num_instances	performance
0	100	0.33260850342725057
1	200	0.4673137575393442
2	300	0.5197149405406869
3	400	0.5525572657093464
4	500	0.5571269746181631
5	600	0.568433920120307
6	700	0.588975465496133
7	800	0.6573339453445884
