	num_instances	performance
0	100	0.34997322999043134
1	200	0.4806696191847769
2	300	0.47829807751023434
3	400	0.5043824567532725
4	500	0.5499846935399261
5	600	0.5644302323228888
6	700	0.5876495495834437
7	800	0.569001405426993
