	num_instances	performance
0	100	0.5666917483279122
1	200	0.5352414453640624
2	300	0.5546475816425139
3	400	0.5835847284213509
4	500	0.6018347361495663
5	600	0.6089218753474309
6	700	0.6192729776790091
7	800	0.6467625154602952
