	num_instances	performance
0	30	0.5064859849687864
1	130	0.5578708594211031
2	230	0.605659480992402
3	330	0.6341029688451488
4	430	0.6823708952141619
5	530	0.6860579594860641
6	630	0.7073981688249188
7	730	0.7137577959156564
8	800	0.7036830007708404
