	num_instances	performance
0	100	0.6276277142264258
1	200	0.6347388770065459
2	300	0.6760393620891123
3	400	0.6882705869055703
4	500	0.6760598183111954
5	600	0.7134754773231554
6	700	0.710949878995194
7	800	0.7158977480361657
8	900	0.7158187196701764
9	1000	0.7136743883144548
10	1100	0.7287890328077744
11	1200	0.726901880808882
12	1300	0.6914916829784866
13	1400	0.7332050563310959
14	1500	0.7176655691099652
15	1600	0.72575499867809
