	num_instances	performance
0	30	0.4828961312173031
1	130	0.5398581466248684
2	230	0.5758250830012835
3	330	0.5984061087295116
4	400	0.6753261548388348
