	num_instances	performance
0	100	0.3890629166443802
1	200	0.35602957395062446
2	300	0.3339177205191099
3	400	0.4048151389066176
4	500	0.4320077380913432
5	600	0.5680972445056878
6	700	0.6196444176862371
7	800	0.5695556144559747
