	num_instances	performance
0	30	0.6272727272727272
1	45	0.5922077922077922
2	60	0.6017582417582418
3	75	0.6482517482517482
4	90	0.5553224553224553
5	105	0.6017582417582418
6	120	0.5884848484848486
7	135	0.5584848484848485
8	150	0.5595959595959595
9	165	0.5640404040404041
10	180	0.47976911976911973
11	195	0.4818181818181818
12	210	0.4818181818181818
