	num_instances	performance
0	100	0.6351519336089065
1	200	0.7016940904438698
2	300	0.7377807987550433
3	400	0.7846487918028561
4	500	0.7878964505227258
5	600	0.8074092666112813
6	700	0.7943323744776185
7	800	0.7957634868755631
