	num_instances	performance
0	100	0.5265685156708686
1	200	0.5620871549264012
2	300	0.572881179130494
3	400	0.5798895619311603
4	500	0.6000045745160497
5	600	0.5906802634575076
6	700	0.5966813331767995
7	800	0.609466694865103
