	num_instances	performance
0	30	0.882
1	50	0.8879999999999999
2	70	0.8939999999999999
3	90	0.906
4	110	0.9039999999999999
5	130	0.9099999999999999
6	150	0.8939999999999999
7	170	0.898
8	190	0.9099999999999999
9	210	0.9039999999999999
10	230	0.9
11	250	0.9099999999999999
12	270	0.914
13	290	0.9099999999999999
14	310	0.898
15	330	0.914
16	350	0.9040000000000001
17	370	0.8939999999999999
18	390	0.8940000000000001
19	400	0.882
