	num_instances	performance
0	100	0.5424574581001289
1	200	0.5481392214605193
2	300	0.5459505338280397
3	400	0.5894983398974134
4	500	0.5836514683519965
5	600	0.6234518720608466
6	700	0.6887643787606184
7	800	0.7872612774327108
