	num_instances	performance
0	100	0.49104368560613787
1	200	0.4678052850719854
2	300	0.4737113195204257
3	400	0.4864865756479534
4	500	0.4871169019082068
5	600	0.483735727792475
6	700	0.4961780629104652
7	800	0.5292666294251538
