	num_instances	performance
0	100	0.5996462077931193
1	200	0.6581676462028849
2	300	0.6981158540122362
3	400	0.711452267296773
4	500	0.7299049657382051
5	600	0.7435032770602771
6	700	0.7450036609495716
7	800	0.7525288378585577
