	num_instances	performance
0	100	0.5298539290211577
1	200	0.5514488694213657
2	300	0.5792057628408009
3	400	0.6016296936648698
4	500	0.607519661117262
5	600	0.6240072269173267
6	700	0.630327315678859
7	800	0.6481127256122315
