	num_instances	performance
0	100	0.5656052718789164
1	200	0.5471757266623649
2	300	0.6071162454998953
3	400	0.5727237594352326
4	500	0.6100291594822772
5	600	0.6290600796932698
6	700	0.6477910085699936
7	800	0.6421518900038119
