	num_instances	performance
0	100	0.6575293405410705
1	200	0.6576517669671716
2	300	0.6903543144339925
3	400	0.70681842844644
4	500	0.6805391026922282
5	600	0.7222679350228466
6	700	0.720307074437852
7	800	0.7291153873169786
