	num_instances	performance
0	100	0.5660917581022764
1	200	0.567102529048927
2	300	0.6232440967211543
3	400	0.6284992681578732
4	500	0.6507449970558469
5	600	0.6795715812032519
6	700	0.6925705125230999
7	800	0.7229459318892626
