	num_instances	performance
0	100	0.5631516234930518
1	200	0.6346230719209001
2	300	0.6733017951407017
3	400	0.7050836660044177
4	500	0.7001357574909535
5	600	0.7302910223714824
6	700	0.7197475922236005
7	800	0.7463162869305968
