	num_instances	performance
0	100	0.35245033318580576
1	200	0.3470116780156696
2	300	0.3914859865303083
3	400	0.4312460228703518
4	500	0.36949085718481267
5	600	0.3901208745133051
6	700	0.4204925766337825
7	800	0.41187368663310453
