{
         "word_embedding": "bert",
         "document_embedding": "Transformer_eng",
         "neural network": "rnn",
         "dataset": "../data/SST-2/tsv/3000_50_50",
         "learning_rate": 0.1,
         "max epoch": 100,
         "mini batch size": 16,
         "seed": 5,
         "performance_measure": "g-mean"
}{
     "0": {
          "precision": 0.8571428571428571,
          "recall": 0.8120300751879699,
          "f1-score": 0.833976833976834,
          "support": 266
     },
     "1": {
          "precision": 0.8563218390804598,
          "recall": 0.8922155688622755,
          "f1-score": 0.873900293255132,
          "support": 334
     },
     "accuracy": 0.8566666666666667,
     "macro avg": {
          "precision": 0.8567323481116584,
          "recall": 0.8521228220251227,
          "f1-score": 0.853938563615983,
          "support": 600
     },
     "weighted avg": {
          "precision": 0.8566858237547892,
          "recall": 0.8566666666666667,
          "f1-score": 0.8562008929750865,
          "support": 600
     }
}{
 "runtime": 278.3144461400807
}{
     "0": {
          "precision": 0.7877697841726619,
          "recall": 0.8264150943396227,
          "f1-score": 0.8066298342541437,
          "support": 265
     },
     "1": {
          "precision": 0.8571428571428571,
          "recall": 0.8238805970149253,
          "f1-score": 0.8401826484018264,
          "support": 335
     },
     "accuracy": 0.825,
     "macro avg": {
          "precision": 0.8224563206577595,
          "recall": 0.8251478456772741,
          "f1-score": 0.823406241327985,
          "support": 600
     },
     "weighted avg": {
          "precision": 0.8265030832476875,
          "recall": 0.825,
          "f1-score": 0.8253634888199332,
          "support": 600
     }
}{
 "runtime": 278.19300940446556
}{
     "0": {
          "precision": 0.8627450980392157,
          "recall": 0.8301886792452831,
          "f1-score": 0.8461538461538461,
          "support": 265
     },
     "1": {
          "precision": 0.8695652173913043,
          "recall": 0.8955223880597015,
          "f1-score": 0.8823529411764706,
          "support": 335
     },
     "accuracy": 0.8666666666666667,
     "macro avg": {
          "precision": 0.86615515771526,
          "recall": 0.8628555336524923,
          "f1-score": 0.8642533936651584,
          "support": 600
     },
     "weighted avg": {
          "precision": 0.8665529980107984,
          "recall": 0.8666666666666667,
          "f1-score": 0.866365007541478,
          "support": 600
     }
}{
 "runtime": 281.1153560373932
}{
     "0": {
          "precision": 0.8740157480314961,
          "recall": 0.8377358490566038,
          "f1-score": 0.8554913294797688,
          "support": 265
     },
     "1": {
          "precision": 0.8757225433526011,
          "recall": 0.9044776119402985,
          "f1-score": 0.8898678414096917,
          "support": 335
     },
     "accuracy": 0.875,
     "macro avg": {
          "precision": 0.8748691456920485,
          "recall": 0.8711067304984512,
          "f1-score": 0.8726795854447302,
          "support": 600
     },
     "weighted avg": {
          "precision": 0.8749687087524465,
          "recall": 0.875,
          "f1-score": 0.8746848819739758,
          "support": 600
     }
}{
 "runtime": 274.2495443318039
}{
     "0": {
          "precision": 0.8228782287822878,
          "recall": 0.8415094339622642,
          "f1-score": 0.8320895522388059,
          "support": 265
     },
     "1": {
          "precision": 0.8719512195121951,
          "recall": 0.8562874251497006,
          "f1-score": 0.8640483383685801,
          "support": 334
     },
     "accuracy": 0.8497495826377296,
     "macro avg": {
          "precision": 0.8474147241472414,
          "recall": 0.8488984295559824,
          "f1-score": 0.8480689453036929,
          "support": 599
     },
     "weighted avg": {
          "precision": 0.8502411317936217,
          "recall": 0.8497495826377296,
          "f1-score": 0.8499096433362092,
          "support": 599
     }
}{
 "runtime": 227.19890723004937
}{
     "1": 0.8521107071806647,
     "2": 0.825147832432166,
     "3": 0.8628471169447549,
     "4": 0.8710980302883766,
     "5": 0.8488980028490141
}{
 "overall_perf": 0.8520203379389952
}{
 "overall_runtime": 267.81425262875854
}