	num_instances	performance
0	100	0.545464984354247
1	200	0.5553964279216869
2	300	0.5867324665348652
3	400	0.6129966171784711
4	500	0.638332785350358
5	600	0.6882844174589262
6	700	0.7530591087316865
7	800	0.7974272025325184
