	num_instances	performance
0	100	0.36680705526543456
1	200	0.3890512855405738
2	300	0.5071747744075507
3	400	0.5017424964404221
4	500	0.5690183362956305
5	600	0.5468539386357332
6	700	0.5730405810755487
7	800	0.6237410221410403
