	num_instances	performance
0	100	0.3111166494133865
1	200	0.34418025869614405
2	300	0.36768176015800624
3	400	0.4362486685393324
4	500	0.42169100900509304
5	600	0.4175695683693972
6	700	0.48223052640111963
7	800	0.48291763214328576
