	num_instances	performance
0	100	0.6610349633821319
1	200	0.719830257402055
2	300	0.7563192703559043
3	400	0.7751447265454582
4	500	0.7797581007725534
5	600	0.7869444600050164
6	700	0.7782414667591627
7	800	0.7547758575110817
