{
        "word_embedding": "glove",
        "neural network": "rnn",
        "dataset": "../data/SST-2/tsv/original",
        "learning_rate": 0.1,
        "max epoch": 100,
        "mini batch size": 32,
        "seed": 5,
        "performance_measure": "accuracy"
}{
     "0": {
          "precision": 0.8844155844155844,
          "recall": 0.9147078576225655,
          "f1-score": 0.8993067018818092,
          "support": 5956
     },
     "1": {
          "precision": 0.9305061559507524,
          "recall": 0.9052435453819537,
          "f1-score": 0.9177010253642742,
          "support": 7514
     },
     "accuracy": 0.9094283593170007,
     "macro avg": {
          "precision": 0.9074608701831683,
          "recall": 0.9099757015022596,
          "f1-score": 0.9085038636230417,
          "support": 13470
     },
     "weighted avg": {
          "precision": 0.9101263902444822,
          "recall": 0.9094283593170007,
          "f1-score": 0.9095676481807877,
          "support": 13470
     }
}{
 "runtime": 2156.2857624636963
}{
     "0": {
          "precision": 0.9027115858668858,
          "recall": 0.9222632639355272,
          "f1-score": 0.912382692467403,
          "support": 5956
     },
     "1": {
          "precision": 0.9373053486797562,
          "recall": 0.9212137343625233,
          "f1-score": 0.9291898785153366,
          "support": 7514
     },
     "accuracy": 0.9216778025241277,
     "macro avg": {
          "precision": 0.9200084672733211,
          "recall": 0.9217384991490252,
          "f1-score": 0.9207862854913698,
          "support": 13470
     },
     "weighted avg": {
          "precision": 0.9220091013662108,
          "recall": 0.9216778025241277,
          "f1-score": 0.9217582823682324,
          "support": 13470
     }
}{
 "runtime": 1695.1200648155063
}{
     "0": {
          "precision": 0.9227856437273625,
          "recall": 0.9410678307588985,
          "f1-score": 0.9318370739817123,
          "support": 5956
     },
     "1": {
          "precision": 0.9525419145484045,
          "recall": 0.9375831780676072,
          "f1-score": 0.9450033534540577,
          "support": 7514
     },
     "accuracy": 0.9391239792130661,
     "macro avg": {
          "precision": 0.9376637791378835,
          "recall": 0.9393255044132529,
          "f1-score": 0.938420213717885,
          "support": 13470
     },
     "weighted avg": {
          "precision": 0.9393846503308747,
          "recall": 0.9391239792130661,
          "f1-score": 0.9391816488855877,
          "support": 13470
     }
}{
 "runtime": 1404.6638659639284
}{
     "0": {
          "precision": 0.939,
          "recall": 0.9459368703828073,
          "f1-score": 0.9424556707929073,
          "support": 5956
     },
     "1": {
          "precision": 0.9568942436412315,
          "recall": 0.9512909236092627,
          "f1-score": 0.9540843566470901,
          "support": 7514
     },
     "accuracy": 0.9489235337787676,
     "macro avg": {
          "precision": 0.9479471218206157,
          "recall": 0.9486138969960349,
          "f1-score": 0.9482700137199986,
          "support": 13470
     },
     "weighted avg": {
          "precision": 0.9489819856510923,
          "recall": 0.9489235337787676,
          "f1-score": 0.9489425264356934,
          "support": 13470
     }
}{
 "runtime": 1281.2013741685078
}{
     "0": {
          "precision": 0.9365837588535662,
          "recall": 0.9546675621222297,
          "f1-score": 0.9455392034588843,
          "support": 5956
     },
     "1": {
          "precision": 0.9635036496350365,
          "recall": 0.9487554904831625,
          "f1-score": 0.956072698008182,
          "support": 7513
     },
     "accuracy": 0.9513698121612592,
     "macro avg": {
          "precision": 0.9500437042443013,
          "recall": 0.9517115263026961,
          "f1-score": 0.9508059507335331,
          "support": 13469
     },
     "weighted avg": {
          "precision": 0.9515996575424953,
          "recall": 0.9513698121612592,
          "f1-score": 0.9514147803056341,
          "support": 13469
     }
}{
 "runtime": 1193.3934154845774
}{
     "1": 0.9094283593170007,
     "2": 0.9216778025241277,
     "3": 0.9391239792130661,
     "4": 0.9489235337787676,
     "5": 0.9513698121612592
}{
 "overall_perf": 0.9341046973988443
}