	num_instances	performance
0	100	0.5491523846403231
1	200	0.5943103968493627
2	300	0.6125167413660362
3	400	0.6012133742097004
4	500	0.6101447150849088
5	600	0.6132857432246407
6	700	0.6061901422057815
7	800	0.6095029252883416
