	num_instances	performance
0	100	0.29733333333333334
1	200	0.33463786589207867
2	300	0.3763663196232763
3	400	0.4279964146969236
4	500	0.4473657366321877
5	600	0.4983153769107636
6	700	0.47805203495738313
7	800	0.49187352538436124
