	num_instances	performance
0	100	0.3873847742707711
1	200	0.562446084561064
2	300	0.579796723819078
3	400	0.6542939989892654
4	500	0.6646351804528294
5	600	0.6904230142293304
6	700	0.6340729171217465
7	800	0.6040102664594199
