	num_instances	performance
0	30	0.12651067547528233
1	70	0.26228934817170113
2	110	0.21406876861003568
3	150	0.2807802766339352
4	190	0.32190063233965677
5	230	0.3534210887152064
6	270	0.36457190377726667
7	310	0.33777100039787505
8	350	0.3856598639455783
9	390	0.3727521336699123
10	400	0.36481715290225925
