	num_instances	performance
0	100	0.3104499827467198
1	200	0.3104499827467198
2	300	0.31078331608005316
3	400	0.33427914095855366
4	500	0.3535409402103064
5	600	0.355220063219127
6	700	0.3785140237389795
7	800	0.33297125341914086
