	num_instances	performance
0	100	0.6055675640068466
1	200	0.6626593441806197
2	300	0.6848603722448333
3	400	0.7153122690620963
4	500	0.7230935399628569
5	600	0.7369025116653564
6	700	0.7402959242530698
7	800	0.7536552801698442
