{
        "word_embedding": "glove",
        "neural network": "rnn",
        "dataset": "../data/SST-2/tsv/10000_50_50",
        "learning_rate": 0.1,
        "max epoch": 100,
        "mini batch size": 16,
        "seed": 5,
        "performance_measure": "g-mean"
}{
     "0": {
          "precision": 0.7873612297181896,
          "recall": 0.922,
          "f1-score": 0.8493781667434361,
          "support": 1000
     },
     "1": {
          "precision": 0.9059107358262968,
          "recall": 0.751,
          "f1-score": 0.8212137780207763,
          "support": 1000
     },
     "accuracy": 0.8365,
     "macro avg": {
          "precision": 0.8466359827722432,
          "recall": 0.8365,
          "f1-score": 0.8352959723821063,
          "support": 2000
     },
     "weighted avg": {
          "precision": 0.8466359827722431,
          "recall": 0.8365,
          "f1-score": 0.8352959723821063,
          "support": 2000
     }
}{
 "runtime": 566.5145974718034
}{
     "0": {
          "precision": 0.8117229129662522,
          "recall": 0.914,
          "f1-score": 0.8598306679209784,
          "support": 1000
     },
     "1": {
          "precision": 0.9016018306636155,
          "recall": 0.788,
          "f1-score": 0.840981856990395,
          "support": 1000
     },
     "accuracy": 0.851,
     "macro avg": {
          "precision": 0.8566623718149339,
          "recall": 0.851,
          "f1-score": 0.8504062624556867,
          "support": 2000
     },
     "weighted avg": {
          "precision": 0.856662371814934,
          "recall": 0.851,
          "f1-score": 0.8504062624556866,
          "support": 2000
     }
}{
 "runtime": 631.8792972825468
}{
     "0": {
          "precision": 0.8231597845601436,
          "recall": 0.917,
          "f1-score": 0.8675496688741721,
          "support": 1000
     },
     "1": {
          "precision": 0.9063205417607223,
          "recall": 0.803,
          "f1-score": 0.8515376458112406,
          "support": 1000
     },
     "accuracy": 0.86,
     "macro avg": {
          "precision": 0.864740163160433,
          "recall": 0.8600000000000001,
          "f1-score": 0.8595436573427063,
          "support": 2000
     },
     "weighted avg": {
          "precision": 0.864740163160433,
          "recall": 0.86,
          "f1-score": 0.8595436573427064,
          "support": 2000
     }
}{
 "runtime": 562.3232640437782
}{
     "0": {
          "precision": 0.8543876567020251,
          "recall": 0.886,
          "f1-score": 0.8699067255768287,
          "support": 1000
     },
     "1": {
          "precision": 0.881619937694704,
          "recall": 0.849,
          "f1-score": 0.8650025471217525,
          "support": 1000
     },
     "accuracy": 0.8675,
     "macro avg": {
          "precision": 0.8680037971983645,
          "recall": 0.8674999999999999,
          "f1-score": 0.8674546363492905,
          "support": 2000
     },
     "weighted avg": {
          "precision": 0.8680037971983645,
          "recall": 0.8675,
          "f1-score": 0.8674546363492905,
          "support": 2000
     }
}{
 "runtime": 263.57955058291554
}{
     "0": {
          "precision": 0.8424591738712777,
          "recall": 0.877,
          "f1-score": 0.8593826555609996,
          "support": 1000
     },
     "1": {
          "precision": 0.8717413972888426,
          "recall": 0.836,
          "f1-score": 0.8534966819806024,
          "support": 1000
     },
     "accuracy": 0.8565,
     "macro avg": {
          "precision": 0.8571002855800601,
          "recall": 0.8565,
          "f1-score": 0.8564396687708009,
          "support": 2000
     },
     "weighted avg": {
          "precision": 0.8571002855800601,
          "recall": 0.8565,
          "f1-score": 0.8564396687708009,
          "support": 2000
     }
}{
 "runtime": 264.79251544736326
}{
     "1": 0.8365,
     "2": 0.851,
     "3": 0.86,
     "4": 0.8675,
     "5": 0.8565
}{
 "overall_perf": 0.8543
}