	num_instances	performance
0	30	0.8613081166272656
1	45	0.824667656275771
2	60	0.825261291526689
3	75	0.8236889081873884
4	90	0.8338801019832583
5	105	0.8549509001636661
6	120	0.8228443449048152
7	135	0.8233941236068896
8	150	0.830951467701541
9	165	0.8344063225460726
10	180	0.8181718677114056
11	195	0.8290604472103084
12	210	0.8028120321044614
13	225	0.8027176436039472
14	240	0.8190460171958783
15	255	0.8255397248521616
