	num_instances	performance
0	100	0.5845997767767857
1	200	0.6323295047459447
2	300	0.6855537175090788
3	400	0.6998498609610493
4	500	0.7224158833917249
5	600	0.736196598213954
6	700	0.7407955447202477
7	800	0.7350408961881483
