	num_instances	performance
0	100	0.3188830411018645
1	200	0.32076116981115727
2	300	0.31078331608005316
3	400	0.35551537641878483
4	500	0.34113192703922274
5	600	0.41886598041081796
6	700	0.39507715650021835
7	800	0.41977918978119044
