	num_instances	performance
0	30	0.20157609933925724
1	60	0.2779225590116117
2	90	0.43413586413586414
3	120	0.4589337085678549
4	150	0.5301334482510953
5	180	0.517592324732606
6	210	0.5947047057585009
7	240	0.5759760493326495
8	270	0.5525302891008879
9	300	0.5709917322040734
10	330	0.6078629567154157
11	360	0.5765851975141995
12	390	0.6044195321743077
13	400	0.5751933585540143
