	num_instances	performance
0	100	0.4814257068827964
1	200	0.48927597826478025
2	300	0.5648658921905316
3	400	0.5707172148507832
4	500	0.566734132018359
5	600	0.5936580597787083
6	700	0.61608739174151
7	800	0.6291949905393104
