{
        "word_embedding": "flair",
        "neural network": "rnn",
        "dataset": "../data/SST-2/tsv/2000_70_30",
        "learning_rate": 0.1,
        "max epoch": 100,
        "mini batch size": 16,
        "seed": 5,
        "performance_measure": "g-mean"
}{
     "0": {
          "precision": 0.5833333333333334,
          "recall": 0.4666666666666667,
          "f1-score": 0.5185185185185186,
          "support": 120
     },
     "1": {
          "precision": 0.7894736842105263,
          "recall": 0.8571428571428571,
          "f1-score": 0.8219178082191781,
          "support": 280
     },
     "accuracy": 0.74,
     "macro avg": {
          "precision": 0.6864035087719298,
          "recall": 0.6619047619047619,
          "f1-score": 0.6702181633688484,
          "support": 400
     },
     "weighted avg": {
          "precision": 0.7276315789473685,
          "recall": 0.74,
          "f1-score": 0.7308980213089802,
          "support": 400
     }
}{
 "runtime": 154.47790296562016
}{
     "0": {
          "precision": 0.6702127659574468,
          "recall": 0.525,
          "f1-score": 0.5887850467289719,
          "support": 120
     },
     "1": {
          "precision": 0.8137254901960784,
          "recall": 0.8892857142857142,
          "f1-score": 0.8498293515358362,
          "support": 280
     },
     "accuracy": 0.78,
     "macro avg": {
          "precision": 0.7419691280767626,
          "recall": 0.7071428571428571,
          "f1-score": 0.719307199132404,
          "support": 400
     },
     "weighted avg": {
          "precision": 0.770671672924489,
          "recall": 0.78,
          "f1-score": 0.7715160600937768,
          "support": 400
     }
}{
 "runtime": 209.5520167965442
}{
     "0": {
          "precision": 0.6272727272727273,
          "recall": 0.575,
          "f1-score": 0.6,
          "support": 120
     },
     "1": {
          "precision": 0.8241379310344827,
          "recall": 0.8535714285714285,
          "f1-score": 0.83859649122807,
          "support": 280
     },
     "accuracy": 0.77,
     "macro avg": {
          "precision": 0.7257053291536051,
          "recall": 0.7142857142857142,
          "f1-score": 0.719298245614035,
          "support": 400
     },
     "weighted avg": {
          "precision": 0.7650783699059562,
          "recall": 0.77,
          "f1-score": 0.767017543859649,
          "support": 400
     }
}{
 "runtime": 184.29311446286738
}{
     "0": {
          "precision": 0.5842696629213483,
          "recall": 0.43333333333333335,
          "f1-score": 0.4976076555023924,
          "support": 120
     },
     "1": {
          "precision": 0.7813504823151125,
          "recall": 0.8678571428571429,
          "f1-score": 0.8223350253807107,
          "support": 280
     },
     "accuracy": 0.7375,
     "macro avg": {
          "precision": 0.6828100726182305,
          "recall": 0.6505952380952381,
          "f1-score": 0.6599713404415515,
          "support": 400
     },
     "weighted avg": {
          "precision": 0.7222262364969833,
          "recall": 0.7375,
          "f1-score": 0.7249168144172152,
          "support": 400
     }
}{
 "runtime": 173.09882877580822
}{
     "0": {
          "precision": 0.6237623762376238,
          "recall": 0.525,
          "f1-score": 0.5701357466063348,
          "support": 120
     },
     "1": {
          "precision": 0.8093645484949833,
          "recall": 0.8642857142857143,
          "f1-score": 0.835924006908463,
          "support": 280
     },
     "accuracy": 0.7625,
     "macro avg": {
          "precision": 0.7165634623663035,
          "recall": 0.6946428571428571,
          "f1-score": 0.7030298767573989,
          "support": 400
     },
     "weighted avg": {
          "precision": 0.7536838968177755,
          "recall": 0.7625,
          "f1-score": 0.7561875288178246,
          "support": 400
     }
}{
 "runtime": 182.1117125749588
}{
     "1": 0.6572815588612293,
     "2": 0.7033795967632678,
     "3": 0.7121095421351971,
     "4": 0.6447648611629485,
     "5": 0.6913205531031585
}{
 "overall_perf": 0.6817712224051602
}