	num_instances	performance
0	100	0.3446838984760475
1	200	0.40312486429934247
2	300	0.43019015222008744
3	400	0.4159584233309044
4	500	0.47430580718600784
5	600	0.48052003048428665
6	700	0.5190181542713601
7	800	0.5034936934490918
