	num_instances	performance
0	30	0.42800630574753384
1	45	0.5399444686245365
2	60	0.45738556115749096
3	75	0.6150903883577639
4	90	0.6573510946302484
5	105	0.6367478549030576
6	120	0.6341801263494403
7	135	0.6473818379571733
8	150	0.636736362861234
9	165	0.6236528164340341
10	180	0.6142628455252407
11	195	0.5723982428342593
12	210	0.5943529173689133
13	225	0.5793839047919902
14	240	0.6049790546923516
15	255	0.6073529120136447
