	num_instances	performance
0	100	0.6529139594813443
1	200	0.668366269806986
2	300	0.710664019461005
3	400	0.7359129525639697
4	500	0.743461454779468
5	600	0.7758471718727278
6	700	0.7811377644514677
7	800	0.7895423657561382
