	num_instances	performance
0	100	0.5720509389910682
1	200	0.5974070582867301
2	300	0.5761618138451758
3	400	0.5888188703656814
4	500	0.5826483112126495
5	600	0.6055770952216044
6	700	0.5899873300215681
7	800	0.5969284678612738
