{
       "word_embedding": "glove",
       "neural network": "rnn",
       "dataset": "../data/SST-2/tsv/original",
       "learning_rate": 0.1,
       "max epoch": 100,
       "mini batch size": 32,
       "seed": 5
}{
     "0": {
          "precision": 0.9038785834738617,
          "recall": 0.8999328408327737,
          "f1-score": 0.9019013966010433,
          "support": 5956
     },
     "1": {
          "precision": 0.9209549071618037,
          "recall": 0.9241416023422944,
          "f1-score": 0.9225455028563837,
          "support": 7514
     },
     "accuracy": 0.9134372680029695,
     "macro avg": {
          "precision": 0.9124167453178327,
          "recall": 0.9120372215875341,
          "f1-score": 0.9122234497287135,
          "support": 13470
     },
     "weighted avg": {
          "precision": 0.9134043070218347,
          "recall": 0.9134372680029695,
          "f1-score": 0.9134173442181649,
          "support": 13470
     }
}{
 "runtime": 1494.3216044539586
}{
     "0": {
          "precision": 0.9173280423280423,
          "recall": 0.931497649429147,
          "f1-score": 0.9243585471509496,
          "support": 5956
     },
     "1": {
          "precision": 0.9450282942603072,
          "recall": 0.9334575459142933,
          "f1-score": 0.9392072844134975,
          "support": 7514
     },
     "accuracy": 0.9325909428359317,
     "macro avg": {
          "precision": 0.9311781682941748,
          "recall": 0.9324775976717201,
          "f1-score": 0.9317829157822235,
          "support": 13470
     },
     "weighted avg": {
          "precision": 0.9327801353509851,
          "recall": 0.9325909428359317,
          "f1-score": 0.9326416512185653,
          "support": 13470
     }
}{
 "runtime": 1065.623881793581
}{
     "0": {
          "precision": 0.9293943383805134,
          "recall": 0.9481195433176629,
          "f1-score": 0.9386635638297873,
          "support": 5956
     },
     "1": {
          "precision": 0.9582093589396808,
          "recall": 0.9429065743944637,
          "f1-score": 0.9504963777837403,
          "support": 7514
     },
     "accuracy": 0.9452115812917594,
     "macro avg": {
          "precision": 0.9438018486600972,
          "recall": 0.9455130588560633,
          "f1-score": 0.9445799708067638,
          "support": 13470
     },
     "weighted avg": {
          "precision": 0.945468285261106,
          "recall": 0.9452115812917594,
          "f1-score": 0.9452642887035811,
          "support": 13470
     }
}{
 "runtime": 1111.997421618551
}{
     "0": {
          "precision": 0.9439252336448598,
          "recall": 0.9496306245802552,
          "f1-score": 0.9467693337797121,
          "support": 5956
     },
     "1": {
          "precision": 0.9598823214763306,
          "recall": 0.9552834708544051,
          "f1-score": 0.9575773745997865,
          "support": 7514
     },
     "accuracy": 0.9527839643652561,
     "macro avg": {
          "precision": 0.9519037775605952,
          "recall": 0.9524570477173302,
          "f1-score": 0.9521733541897492,
          "support": 13470
     },
     "weighted avg": {
          "precision": 0.9528266113705963,
          "recall": 0.9527839643652561,
          "f1-score": 0.9527984071814967,
          "support": 13470
     }
}{
 "runtime": 904.5261433785781
}{
     "0": {
          "precision": 0.9415166033371881,
          "recall": 0.9568502350570853,
          "f1-score": 0.9491214922141727,
          "support": 5956
     },
     "1": {
          "precision": 0.9653451995685005,
          "recall": 0.9528816717689339,
          "f1-score": 0.9590729452742984,
          "support": 7513
     },
     "accuracy": 0.9546365728710372,
     "macro avg": {
          "precision": 0.9534309014528444,
          "recall": 0.9548659534130096,
          "f1-score": 0.9540972187442356,
          "support": 13469
     },
     "weighted avg": {
          "precision": 0.954808179808036,
          "recall": 0.9546365728710372,
          "f1-score": 0.9546724066726124,
          "support": 13469
     }
}{
 "runtime": 896.9461227562279
}{
     "1": 0.9019013966010433,
     "2": 0.9243585471509496,
     "3": 0.9386635638297873,
     "4": 0.9467693337797121,
     "5": 0.9491214922141727
}{
 "overall_perf": 0.932162866715133
}