	num_instances	performance
0	100	0.342065393672065
1	200	0.43436271908246027
2	300	0.4554284573332744
3	400	0.4662064879833955
4	500	0.46219526064392075
5	600	0.48776615245008426
6	700	0.5144561981045666
7	800	0.4868805296744655
