	num_instances	performance
0	100	0.5243628412134542
1	200	0.5763703830517241
2	300	0.6357720477656348
3	400	0.6322630312186848
4	500	0.6566337278920982
5	600	0.6512180600203308
6	700	0.6870288101160511
7	800	0.7195394823515256
8	900	0.7023051687033498
9	1000	0.6986293951837151
10	1100	0.7080425541494125
11	1200	0.7220316804909543
