	num_instances	performance
0	30	0.1050999592003264
1	80	0.3513742870885728
2	130	0.3445757489505782
3	180	0.3462775516596115
4	230	0.340858969128247
5	280	0.3864157740732523
6	330	0.4169667232651507
7	380	0.428631058863617
8	400	0.4170217792543374
