	num_instances	performance
0	100	0.5544680558197321
1	200	0.6200507740750952
2	300	0.624276552189927
3	400	0.6463655426528374
4	500	0.6612885245016561
5	600	0.6720922818019256
6	700	0.7052676188239599
7	800	0.6909301401961822
8	900	0.7065393706783711
9	1000	0.7094954989326248
10	1100	0.7087766278953056
11	1200	0.7334459262461935
12	1300	0.7321744697140966
13	1400	0.736365405779809
14	1500	0.7340631100771801
15	1600	0.7388206101947883
