	num_instances	performance
0	100	0.32121064442255787
1	200	0.3887540837307272
2	300	0.40851921122522017
3	400	0.4077854939825853
4	500	0.4168849375841761
5	600	0.39595041984988866
6	700	0.40739807627159685
7	800	0.41802383048932085
