	num_instances	performance
0	100	0.47286193457067915
1	200	0.4901822774952772
2	300	0.4779884936615725
3	400	0.4931017936822867
4	500	0.5123532015644857
5	600	0.5142308406690551
6	700	0.5406693407368108
7	800	0.5644371430817514
