	num_instances	performance
0	100	0.6619355697642277
1	200	0.7255037489827777
2	300	0.7326483206079535
3	400	0.7576840999903107
4	500	0.7640552861753854
5	600	0.7639265827515718
6	700	0.7847465286065667
7	800	0.7815127769889666
