	num_instances	performance
0	100	0.6323847607550432
1	200	0.6810229110922608
2	300	0.7295429729238633
3	400	0.7599387918788141
4	500	0.796507014697521
5	600	0.7967913322160585
6	700	0.7973371264756273
7	800	0.792632284598175
