	num_instances	performance
0	30	0.1799028016009148
1	70	0.35512851897184816
2	110	0.45077847805788973
3	150	0.4381140322559087
4	190	0.5079385100512416
5	230	0.568913454918684
6	270	0.5671047884863674
7	310	0.5503773106720785
8	350	0.6012393580280968
9	390	0.602507254061538
10	400	0.5901495284103979
