	num_instances	performance
0	30	0.4840573957866924
1	130	0.5376554568663899
2	230	0.5944151499481917
3	330	0.6278452704313666
4	430	0.6280762752258723
5	530	0.6664327615862755
6	630	0.6661307757787229
7	730	0.6734243258363214
8	800	0.6709321023513468
