	num_instances	performance
0	30	0.19757575757575757
1	60	0.32760126121756006
2	90	0.3509343959343959
3	120	0.41489697517502877
4	150	0.4353139176668589
5	180	0.4767161910604534
6	210	0.49991921122355903
7	240	0.5400696489352217
8	270	0.5964912393051556
9	300	0.5962340917228135
10	330	0.5974991588509905
11	360	0.5465942151397413
12	390	0.5744725018392111
13	400	0.5510971515052995
