{
        "word_embedding": "flair",
        "neural network": "rnn",
        "dataset": "../data/SST-2/tsv/1000_70_30",
        "learning_rate": 0.1,
        "max epoch": 100,
        "mini batch size": 16,
        "seed": 5,
        "performance_measure": "g-mean"
}{
     "0": {
          "precision": 0.5636363636363636,
          "recall": 0.5166666666666667,
          "f1-score": 0.5391304347826087,
          "support": 60
     },
     "1": {
          "precision": 0.8,
          "recall": 0.8285714285714286,
          "f1-score": 0.8140350877192983,
          "support": 140
     },
     "accuracy": 0.735,
     "macro avg": {
          "precision": 0.6818181818181819,
          "recall": 0.6726190476190477,
          "f1-score": 0.6765827612509535,
          "support": 200
     },
     "weighted avg": {
          "precision": 0.729090909090909,
          "recall": 0.7350000000000001,
          "f1-score": 0.7315636918382914,
          "support": 200
     }
}{
 "runtime": 103.90883281454444
}{
     "0": {
          "precision": 0.6097560975609756,
          "recall": 0.4166666666666667,
          "f1-score": 0.4950495049504951,
          "support": 60
     },
     "1": {
          "precision": 0.779874213836478,
          "recall": 0.8857142857142857,
          "f1-score": 0.8294314381270903,
          "support": 140
     },
     "accuracy": 0.745,
     "macro avg": {
          "precision": 0.6948151556987268,
          "recall": 0.6511904761904762,
          "f1-score": 0.6622404715387927,
          "support": 200
     },
     "weighted avg": {
          "precision": 0.7288387789538272,
          "recall": 0.745,
          "f1-score": 0.7291168581741116,
          "support": 200
     }
}{
 "runtime": 94.80428791604936
}{
     "0": {
          "precision": 0.6216216216216216,
          "recall": 0.38333333333333336,
          "f1-score": 0.4742268041237113,
          "support": 60
     },
     "1": {
          "precision": 0.7730061349693251,
          "recall": 0.9,
          "f1-score": 0.8316831683168318,
          "support": 140
     },
     "accuracy": 0.745,
     "macro avg": {
          "precision": 0.6973138782954733,
          "recall": 0.6416666666666667,
          "f1-score": 0.6529549862202715,
          "support": 200
     },
     "weighted avg": {
          "precision": 0.7275907809650142,
          "recall": 0.745,
          "f1-score": 0.7244462590588955,
          "support": 200
     }
}{
 "runtime": 94.66812890395522
}{
     "0": {
          "precision": 0.6590909090909091,
          "recall": 0.48333333333333334,
          "f1-score": 0.5576923076923077,
          "support": 60
     },
     "1": {
          "precision": 0.8012820512820513,
          "recall": 0.8928571428571429,
          "f1-score": 0.8445945945945946,
          "support": 140
     },
     "accuracy": 0.77,
     "macro avg": {
          "precision": 0.7301864801864801,
          "recall": 0.6880952380952381,
          "f1-score": 0.7011434511434511,
          "support": 200
     },
     "weighted avg": {
          "precision": 0.7586247086247088,
          "recall": 0.77,
          "f1-score": 0.7585239085239085,
          "support": 200
     }
}{
 "runtime": 90.91904849559069
}{
     "0": {
          "precision": 0.6136363636363636,
          "recall": 0.45,
          "f1-score": 0.5192307692307692,
          "support": 60
     },
     "1": {
          "precision": 0.7884615384615384,
          "recall": 0.8785714285714286,
          "f1-score": 0.8310810810810811,
          "support": 140
     },
     "accuracy": 0.75,
     "macro avg": {
          "precision": 0.701048951048951,
          "recall": 0.6642857142857143,
          "f1-score": 0.6751559251559252,
          "support": 200
     },
     "weighted avg": {
          "precision": 0.736013986013986,
          "recall": 0.75,
          "f1-score": 0.7375259875259875,
          "support": 200
     }
}{
 "runtime": 114.79104266501963
}{
     "1": 0.6697200907842022,
     "2": 0.6443980210427477,
     "3": 0.6332916652959625,
     "4": 0.6832032396488373,
     "5": 0.6587325492402599
}{
 "overall_perf": 0.657869113202402
}