	num_instances	performance
0	100	0.3335444858912104
1	200	0.3434537776391823
2	300	0.3345843871857766
3	400	0.35693945692113893
4	500	0.367640803005051
5	600	0.44857175294429175
6	700	0.4463447349125954
7	800	0.46467657159852227
