{
        "word_embedding": "fasttext",
        "neural network": "rnn",
        "dataset": "../data/SST-2/tsv/1000_90_10",
        "learning_rate": 0.1,
        "max epoch": 100,
        "mini batch size": 16,
        "seed": 5,
        "performance_measure": "g-mean"
}{
     "0": {
          "precision": 0.5384615384615384,
          "recall": 0.35,
          "f1-score": 0.4242424242424242,
          "support": 20
     },
     "1": {
          "precision": 0.93048128342246,
          "recall": 0.9666666666666667,
          "f1-score": 0.9482288828337875,
          "support": 180
     },
     "accuracy": 0.905,
     "macro avg": {
          "precision": 0.7344714109419992,
          "recall": 0.6583333333333333,
          "f1-score": 0.6862356535381058,
          "support": 200
     },
     "weighted avg": {
          "precision": 0.8912793089263679,
          "recall": 0.905,
          "f1-score": 0.8958302369746511,
          "support": 200
     }
}{
 "runtime": 34.76567933149636
}{
     "0": {
          "precision": 0.25,
          "recall": 0.1,
          "f1-score": 0.14285714285714288,
          "support": 20
     },
     "1": {
          "precision": 0.90625,
          "recall": 0.9666666666666667,
          "f1-score": 0.9354838709677419,
          "support": 180
     },
     "accuracy": 0.88,
     "macro avg": {
          "precision": 0.578125,
          "recall": 0.5333333333333333,
          "f1-score": 0.5391705069124424,
          "support": 200
     },
     "weighted avg": {
          "precision": 0.840625,
          "recall": 0.88,
          "f1-score": 0.856221198156682,
          "support": 200
     }
}{
 "runtime": 35.754548432305455
}{
     "0": {
          "precision": 1.0,
          "recall": 0.15,
          "f1-score": 0.2608695652173913,
          "support": 20
     },
     "1": {
          "precision": 0.9137055837563451,
          "recall": 1.0,
          "f1-score": 0.9549071618037135,
          "support": 180
     },
     "accuracy": 0.915,
     "macro avg": {
          "precision": 0.9568527918781726,
          "recall": 0.575,
          "f1-score": 0.6078883635105524,
          "support": 200
     },
     "weighted avg": {
          "precision": 0.9223350253807107,
          "recall": 0.915,
          "f1-score": 0.8855034021450813,
          "support": 200
     }
}{
 "runtime": 35.29074450582266
}{
     "0": {
          "precision": 0.75,
          "recall": 0.45,
          "f1-score": 0.5625000000000001,
          "support": 20
     },
     "1": {
          "precision": 0.9414893617021277,
          "recall": 0.9833333333333333,
          "f1-score": 0.9619565217391305,
          "support": 180
     },
     "accuracy": 0.93,
     "macro avg": {
          "precision": 0.8457446808510638,
          "recall": 0.7166666666666667,
          "f1-score": 0.7622282608695653,
          "support": 200
     },
     "weighted avg": {
          "precision": 0.922340425531915,
          "recall": 0.93,
          "f1-score": 0.9220108695652175,
          "support": 200
     }
}{
 "runtime": 36.05662292428315
}{
     "0": {
          "precision": 0.5,
          "recall": 0.1,
          "f1-score": 0.16666666666666669,
          "support": 20
     },
     "1": {
          "precision": 0.9081632653061225,
          "recall": 0.9888888888888889,
          "f1-score": 0.946808510638298,
          "support": 180
     },
     "accuracy": 0.9,
     "macro avg": {
          "precision": 0.7040816326530612,
          "recall": 0.5444444444444445,
          "f1-score": 0.5567375886524824,
          "support": 200
     },
     "weighted avg": {
          "precision": 0.8673469387755103,
          "recall": 0.9,
          "f1-score": 0.868794326241135,
          "support": 200
     }
}{
 "runtime": 35.520616659894586
}{
     "1": 0.610375567444613,
     "2": 0.4052982440952177,
     "3": 0.4637078821844632,
     "4": 0.6841783393238929,
     "5": 0.41231056256176607
}{
 "overall_perf": 0.5151741191219906
}