	num_instances	performance
0	100	0.6072792449127273
1	200	0.6779854144512416
2	300	0.7020311283064937
3	400	0.730026777039553
4	500	0.7506661882234493
5	600	0.7457348753892875
6	700	0.7624410293673846
7	800	0.7570275219427911
