	num_instances	performance
0	30	0.4858782622113602
1	80	0.496441960360988
2	130	0.5768395053551555
3	180	0.562403540247743
4	230	0.5843868933071987
5	280	0.6103340806969266
6	330	0.6308590901804434
7	380	0.650295465643995
8	430	0.6697810018232047
9	480	0.6446754113768343
10	530	0.6683358331819093
11	580	0.6782439948532678
12	630	0.6847451894250305
13	680	0.6840076321138348
14	730	0.7030274958782764
15	780	0.690173158935869
16	800	0.6888238519784775
