	num_instances	performance
0	100	0.6371775616310792
1	200	0.7070962982905703
2	300	0.7407338828332481
3	400	0.7740124439988729
4	500	0.7578314949869686
5	600	0.7725220568908183
6	700	0.7635934837290956
7	800	0.7546638478916968
