	num_instances	performance
0	100	0.37340896588498007
1	200	0.4990254259627437
2	300	0.556299106610061
3	400	0.6012307260498276
4	500	0.5799355556757506
5	600	0.5996344043549193
6	700	0.6888290472096155
7	800	0.5956812002291235
