	num_instances	performance
0	100	0.4700112604522215
1	200	0.4681608824412867
2	300	0.4813868811781316
3	400	0.49393684262771825
4	500	0.5052034049546352
5	600	0.5274012487302093
6	700	0.5229314741405771
7	800	0.5579280740061754
