	num_instances	performance
0	30	0.030769230769230764
1	70	0.03636363636363636
2	110	0.0
3	150	0.06493506493506493
4	190	0.09267399267399268
5	230	0.23267399267399264
6	270	0.11153846153846154
7	310	0.21135531135531135
8	350	0.21934065934065933
9	390	0.19546620046620045
10	400	0.20046620046620048
