{
        "word_embedding": "glove",
        "neural network": "rnn",
        "dataset": "../data/SST-2/tsv/500_90_10",
        "learning_rate": 0.1,
        "max epoch": 100,
        "mini batch size": 16,
        "seed": 5,
        "performance_measure": "f1"
}{
     "0": {
          "precision": 0.0,
          "recall": 0.0,
          "f1-score": 0.0,
          "support": 10
     },
     "1": {
          "precision": 0.898989898989899,
          "recall": 0.9888888888888889,
          "f1-score": 0.9417989417989419,
          "support": 90
     },
     "accuracy": 0.89,
     "macro avg": {
          "precision": 0.4494949494949495,
          "recall": 0.49444444444444446,
          "f1-score": 0.47089947089947093,
          "support": 100
     },
     "weighted avg": {
          "precision": 0.8090909090909091,
          "recall": 0.89,
          "f1-score": 0.8476190476190477,
          "support": 100
     }
}{
 "runtime": 16.032537119463086
}{
     "0": {
          "precision": 0.3333333333333333,
          "recall": 0.1,
          "f1-score": 0.15384615384615383,
          "support": 10
     },
     "1": {
          "precision": 0.9072164948453608,
          "recall": 0.9777777777777777,
          "f1-score": 0.9411764705882353,
          "support": 90
     },
     "accuracy": 0.89,
     "macro avg": {
          "precision": 0.6202749140893471,
          "recall": 0.5388888888888889,
          "f1-score": 0.5475113122171945,
          "support": 100
     },
     "weighted avg": {
          "precision": 0.8498281786941579,
          "recall": 0.89,
          "f1-score": 0.8624434389140271,
          "support": 100
     }
}{
 "runtime": 17.80366582237184
}{
     "0": {
          "precision": 0.0,
          "recall": 0.0,
          "f1-score": 0.0,
          "support": 10
     },
     "1": {
          "precision": 0.9,
          "recall": 1.0,
          "f1-score": 0.9473684210526316,
          "support": 90
     },
     "accuracy": 0.9,
     "macro avg": {
          "precision": 0.45,
          "recall": 0.5,
          "f1-score": 0.4736842105263158,
          "support": 100
     },
     "weighted avg": {
          "precision": 0.81,
          "recall": 0.9,
          "f1-score": 0.8526315789473685,
          "support": 100
     }
}{
 "runtime": 19.14639737457037
}{
     "0": {
          "precision": 0.25,
          "recall": 0.1,
          "f1-score": 0.14285714285714288,
          "support": 10
     },
     "1": {
          "precision": 0.90625,
          "recall": 0.9666666666666667,
          "f1-score": 0.9354838709677419,
          "support": 90
     },
     "accuracy": 0.88,
     "macro avg": {
          "precision": 0.578125,
          "recall": 0.5333333333333333,
          "f1-score": 0.5391705069124424,
          "support": 100
     },
     "weighted avg": {
          "precision": 0.840625,
          "recall": 0.88,
          "f1-score": 0.856221198156682,
          "support": 100
     }
}{
 "runtime": 21.413918416947126
}{
     "0": {
          "precision": 0.5,
          "recall": 0.1,
          "f1-score": 0.16666666666666669,
          "support": 10
     },
     "1": {
          "precision": 0.9081632653061225,
          "recall": 0.9888888888888889,
          "f1-score": 0.946808510638298,
          "support": 90
     },
     "accuracy": 0.9,
     "macro avg": {
          "precision": 0.7040816326530612,
          "recall": 0.5444444444444445,
          "f1-score": 0.5567375886524824,
          "support": 100
     },
     "weighted avg": {
          "precision": 0.8673469387755103,
          "recall": 0.9,
          "f1-score": 0.868794326241135,
          "support": 100
     }
}{
 "runtime": 21.01769446581602
}{
     "1": 0.0,
     "2": 0.15384615384615383,
     "3": 0.0,
     "4": 0.14285714285714288,
     "5": 0.16666666666666669
}{
 "overall_perf": 0.09267399267399268
}