	num_instances	performance
0	100	0.5293438154764332
1	200	0.624566195469219
2	300	0.6910651628057483
3	400	0.6891551696079031
4	500	0.7304675569734768
5	600	0.7569128373946941
6	700	0.7626737939820833
7	800	0.7715991636957177
