	num_instances	performance
0	30	0.0
1	80	0.03333333333333334
2	130	0.06190476190476191
3	180	0.10606060606060605
4	230	0.1034965034965035
5	280	0.0696969696969697
6	330	0.13636363636363638
7	380	0.1576090576090576
8	400	0.2108141858141858
