	num_instances	performance
0	100	0.4649238606767363
1	200	0.49061156829280594
2	300	0.512301450964463
3	400	0.5287622666798122
4	500	0.5241008308909522
5	600	0.5364628930907382
6	700	0.5383390693193519
7	800	0.552383453609054
