	num_instances	performance
0	100	0.5439160728541891
1	200	0.5682525508690601
2	300	0.601408488081409
3	400	0.6220319947019727
4	500	0.641564689286111
5	600	0.6476723679432931
6	700	0.6814570217588105
7	800	0.6671949941506401
8	900	0.6786934250020272
9	1000	0.6846617547535778
10	1100	0.71004089895122
11	1200	0.7126994555082409
