	num_instances	performance
0	100	0.5980182328086611
1	200	0.5942284697481834
2	300	0.6758072078204157
3	400	0.7137163764064937
4	500	0.7006650249607088
5	600	0.7064467416072018
6	700	0.7304855155453553
7	800	0.7402479865887125
