	num_instances	performance
0	100	0.30000000000000004
1	200	0.29933333333333334
2	300	0.30000000000000004
3	400	0.3121166494133865
4	500	0.3111166494133865
5	600	0.33600536709861273
6	700	0.4916675265588489
7	800	0.4256266029392789
