	num_instances	performance
0	100	0.66322599999188
1	200	0.7196553585247978
2	300	0.7489171592014948
3	400	0.7714027468771445
4	500	0.7659635190400584
5	600	0.7826990687581958
6	700	0.7819892042076543
7	800	0.7742302560566519
