	num_instances	performance
0	30	0.4913940630523408
1	130	0.5390963369768788
2	230	0.5792481563689738
3	330	0.614647733086356
4	430	0.6467853896743712
5	530	0.6594339825513039
6	630	0.6765197827040513
7	730	0.7100250622180011
8	800	0.6958610443026071
