	num_instances	performance
0	100	0.5865338230254292
1	200	0.6404732654030861
2	300	0.6632911859726993
3	400	0.6893470158769827
4	500	0.6827399318658312
5	600	0.7231407129429344
6	700	0.7255908576700418
7	800	0.7208861115177531
