	num_instances	performance
0	30	0.7241473424904542
1	45	0.7358394798372484
2	60	0.7584704054686122
3	75	0.7022759152991711
4	90	0.7142004222878777
5	105	0.7269337480373159
6	120	0.7348414376321353
7	135	0.7181973274996531
8	150	0.710224771956765
9	165	0.7735754524766396
10	180	0.7657913548061559
11	195	0.7655900621118013
12	210	0.7063187107454112
13	225	0.7298136645962733
14	240	0.7076594371665073
15	255	0.7444782168186423
