	num_instances	performance
0	30	0.1713439106986078
1	80	0.21314655651877285
2	130	0.2380622183649223
3	180	0.3361362388628547
4	230	0.34648571573332176
5	280	0.4187785890924064
6	330	0.4142959992871781
7	380	0.44318481538764215
8	400	0.438997783228781
