	num_instances	performance
0	100	0.608412874212562
1	200	0.6445083671190968
2	300	0.6654593446487607
3	400	0.7012793584453236
4	500	0.7150494043837246
5	600	0.7205218247613321
6	700	0.743094678688856
7	800	0.7578249586022344
