	num_instances	performance
0	30	0.0
1	80	0.028571428571428574
2	130	0.028571428571428574
3	180	0.08410256410256409
4	230	0.09230769230769229
5	280	0.0641025641025641
6	330	0.10857142857142858
7	380	0.12124542124542126
8	400	0.12000000000000002
