	num_instances	performance
0	30	0.6424242424242423
1	42	0.572121212121212
2	54	0.5987878787878789
3	66	0.5707070707070707
4	78	0.5872727272727273
5	90	0.46515151515151515
6	102	0.3742857142857143
7	114	0.39610389610389607
8	126	0.45896103896103896
9	138	0.5525252525252525
10	150	0.47350649350649354
11	162	0.43128427128427127
12	174	0.4642135642135642
13	186	0.40147630147630153
14	198	0.45800865800865803
15	210	0.43380952380952387
