	num_instances	performance
0	30	0.15721773721773724
1	70	0.3332925034788389
2	110	0.3461277778225687
3	150	0.4215581072244435
4	190	0.4442120022678361
5	230	0.5051733805410276
6	270	0.47477124183006536
7	310	0.538785199079967
8	350	0.5234358334084173
9	390	0.5498684619616727
10	400	0.5334635270315837
