{
       "word_embedding": "flair",
       "neural network": "rnn",
       "dataset": "../data/SST-2/tsv/perc_70_30",
       "learning_rate": 0.1,
       "max epoch": 100,
       "mini batch size": 16,
       "seed": 5
}{
     "0": {
          "precision": 0.5625,
          "recall": 0.375,
          "f1-score": 0.45,
          "support": 24
     },
     "1": {
          "precision": 0.765625,
          "recall": 0.875,
          "f1-score": 0.8166666666666667,
          "support": 56
     },
     "accuracy": 0.725,
     "macro avg": {
          "precision": 0.6640625,
          "recall": 0.625,
          "f1-score": 0.6333333333333333,
          "support": 80
     },
     "weighted avg": {
          "precision": 0.7046875,
          "recall": 0.725,
          "f1-score": 0.7066666666666667,
          "support": 80
     }
}{
 "runtime": 23.42198691703379
}{
     "0": {
          "precision": 0.6153846153846154,
          "recall": 0.6666666666666666,
          "f1-score": 0.64,
          "support": 24
     },
     "1": {
          "precision": 0.8518518518518519,
          "recall": 0.8214285714285714,
          "f1-score": 0.8363636363636364,
          "support": 56
     },
     "accuracy": 0.775,
     "macro avg": {
          "precision": 0.7336182336182336,
          "recall": 0.7440476190476191,
          "f1-score": 0.7381818181818183,
          "support": 80
     },
     "weighted avg": {
          "precision": 0.7809116809116808,
          "recall": 0.775,
          "f1-score": 0.7774545454545455,
          "support": 80
     }
}{
 "runtime": 40.08454659022391
}{
     "0": {
          "precision": 0.875,
          "recall": 0.875,
          "f1-score": 0.875,
          "support": 24
     },
     "1": {
          "precision": 0.9454545454545454,
          "recall": 0.9454545454545454,
          "f1-score": 0.9454545454545454,
          "support": 55
     },
     "accuracy": 0.9240506329113924,
     "macro avg": {
          "precision": 0.9102272727272727,
          "recall": 0.9102272727272727,
          "f1-score": 0.9102272727272727,
          "support": 79
     },
     "weighted avg": {
          "precision": 0.9240506329113924,
          "recall": 0.9240506329113924,
          "f1-score": 0.9240506329113924,
          "support": 79
     }
}{
 "runtime": 34.84368720278144
}{
     "0": {
          "precision": 1.0,
          "recall": 0.5833333333333334,
          "f1-score": 0.7368421052631579,
          "support": 24
     },
     "1": {
          "precision": 0.8461538461538461,
          "recall": 1.0,
          "f1-score": 0.9166666666666666,
          "support": 55
     },
     "accuracy": 0.8734177215189873,
     "macro avg": {
          "precision": 0.9230769230769231,
          "recall": 0.7916666666666667,
          "f1-score": 0.8267543859649122,
          "support": 79
     },
     "weighted avg": {
          "precision": 0.892891918208374,
          "recall": 0.8734177215189873,
          "f1-score": 0.8620364201643348,
          "support": 79
     }
}{
 "runtime": 34.35894029214978
}{
     "0": {
          "precision": 1.0,
          "recall": 0.782608695652174,
          "f1-score": 0.878048780487805,
          "support": 23
     },
     "1": {
          "precision": 0.9180327868852459,
          "recall": 1.0,
          "f1-score": 0.9572649572649572,
          "support": 56
     },
     "accuracy": 0.9367088607594937,
     "macro avg": {
          "precision": 0.959016393442623,
          "recall": 0.8913043478260869,
          "f1-score": 0.9176568688763811,
          "support": 79
     },
     "weighted avg": {
          "precision": 0.9418966590578959,
          "recall": 0.9367088607594937,
          "f1-score": 0.934202019722242,
          "support": 79
     }
}{
 "runtime": 36.19800282549113
}{
     "1": 0.45,
     "2": 0.64,
     "3": 0.875,
     "4": 0.7368421052631579,
     "5": 0.878048780487805
}{
 "overall_perf": 0.7159781771501926
}