	num_instances	performance
0	30	0.14601011891334473
1	70	0.26861823958830816
2	110	0.38977388693889314
3	150	0.5076408411852557
4	190	0.5235535232977688
5	230	0.5375571012468493
6	270	0.5550621089436878
7	310	0.5620389000670689
8	350	0.5713321378536274
9	390	0.5713592356364191
10	400	0.5865219538048279
