	num_instances	performance
0	100	0.6012256523323767
1	200	0.6004175927840161
2	300	0.5993601549068135
3	400	0.6379128133313635
4	500	0.6801171157760224
5	600	0.671256381133152
6	700	0.7030782204708166
7	800	0.7004324948458711
8	900	0.716058809813409
9	1000	0.7107664659640104
10	1100	0.7301219998889054
11	1200	0.7310440005431703
12	1300	0.7249996930154667
13	1400	0.7342431266059061
14	1500	0.7339502110326181
15	1600	0.7298103072706699
