{
    "num_instances": 499,
    "distribution": {
        "1": 278,
        "0": 221
    },
    "distribution_percentage": {
        "1": 55.71142284569138,
        "0": 44.28857715430862
    },
    "classes": [
        0,
        1
    ]
}