	num_instances	performance
0	100	0.34369500851132784
1	200	0.33425105385244325
2	300	0.31011102550927977
3	400	0.31009383470690927
4	500	0.34460781743887836
5	600	0.36832349498514116
6	700	0.464191623368018
7	800	0.3868101489319085
