	num_instances	performance
0	30	0.13345734398365977
1	80	0.2298121189498569
2	130	0.3563897245006168
3	180	0.38047673022846806
4	230	0.48101270462563583
5	280	0.5038633461047255
6	330	0.5222835705616242
7	380	0.5741724334257808
8	400	0.5583231415354828
