	num_instances	performance
0	100	0.6511780685967802
1	200	0.7508994629890694
2	300	0.7472485759134748
3	400	0.7804506364446955
4	500	0.7870642572109428
5	600	0.786263478300515
6	700	0.7728875975473388
7	800	0.7695271460972672
