	num_instances	performance
0	30	0.2126148947632324
1	60	0.33984370277621867
2	90	0.39476643241008685
3	120	0.4656805416399081
4	150	0.5000749073759184
5	180	0.5474124678119836
6	210	0.6166989872872226
7	240	0.5908953179056313
8	270	0.5561921961767162
9	300	0.5824723417218346
10	330	0.6030380163804333
11	360	0.590205938697318
12	390	0.5980655222872617
13	400	0.5697031563068267
