	num_instances	performance
0	30	0.7541821437889892
1	45	0.7441897100720631
2	60	0.6853997421018697
3	75	0.7016899878602005
4	90	0.752787357109188
5	105	0.7620345359235275
6	120	0.7837868042123362
7	135	0.7574404465343451
8	150	0.7694945815583839
9	165	0.7647028765252633
10	180	0.7555447001495634
11	195	0.706296387926769
12	210	0.7207943262411347
13	225	0.7276024844720498
14	240	0.697468867857397
15	255	0.7513937922162832
