	num_instances	performance
0	100	0.6419158850719949
1	200	0.6896827590570123
2	300	0.7418488290762588
3	400	0.7499505917659164
4	500	0.7706725796542911
5	600	0.7755085881904729
6	700	0.7725895060148305
7	800	0.7790324033722402
