	num_instances	performance
0	100	0.5903810836732115
1	200	0.7816352227364023
2	300	0.9491506978863443
3	400	0.9743925332342016
4	500	0.9787592133165053
5	600	0.9798231953684471
6	700	0.9808753189725803
7	800	0.9808884522598523
