	num_instances	performance
0	100	0.5648131235446583
1	200	0.6109329379604107
2	300	0.6164704722511963
3	400	0.6128528220759758
4	500	0.6086058706008651
5	600	0.6086543607471311
6	700	0.6007513867191134
7	800	0.6120119529088874
