	num_instances	performance
0	30	0.4916892469126307
1	80	0.5384459730492898
2	130	0.5465177624476582
3	180	0.5948923231034439
4	230	0.5745516207825266
5	280	0.6233292218414526
6	330	0.640422207166446
7	380	0.6497273265358003
8	430	0.6782992855940417
9	480	0.6714032556500426
10	530	0.6689752665042088
11	580	0.7026393681687193
12	630	0.7090952944537363
13	680	0.6854051825065403
14	730	0.6748969264304264
15	780	0.6756255549721479
16	800	0.690129614372865
