	num_instances	performance
0	30	0.7397295331925874
1	45	0.7086442687747035
2	60	0.6792068316688378
3	75	0.7080764983368393
4	90	0.6985223577796592
5	105	0.7171009458362438
6	120	0.7224970580276514
7	135	0.7333569135332209
8	150	0.7420789997158284
9	165	0.7325968992248061
10	180	0.7317966903073285
11	195	0.7392602276803413
12	210	0.7296964240241551
13	225	0.7282585761577358
14	240	0.7461333469558036
15	255	0.7684823522896885
