	num_instances	performance
0	100	0.6446054158942804
1	200	0.7616046459098516
2	300	0.8180289817767065
3	400	0.7955853669674525
4	500	0.8200455624409942
5	600	0.7990239601887049
6	700	0.8126083536402419
7	800	0.805182980326195
