	num_instances	performance
0	30	0.0
1	80	0.0
2	130	0.0
3	180	0.0
4	230	0.0
5	280	0.0696969696969697
6	330	0.15636363636363634
7	380	0.19743589743589746
8	400	0.17428571428571432
