	num_instances	performance
0	100	0.5390628336134828
1	200	0.5953611499765514
2	300	0.6451115554112576
3	400	0.660643466049488
4	500	0.6930291553103867
5	600	0.6913214429119133
6	700	0.7147568958591413
7	800	0.7320445914385221
