	num_instances	performance
0	100	0.5983806976483145
1	200	0.6451490294799112
2	300	0.7216924332192323
3	400	0.7081317578486227
4	500	0.7325764209407303
5	600	0.7301063782951338
6	700	0.7526245647686686
7	800	0.7540075422950501
