{
        "word_embedding": "glove",
        "neural network": "rnn",
        "dataset": "../data/SST-2/tsv/1000_90_10",
        "learning_rate": 0.1,
        "max epoch": 100,
        "mini batch size": 16,
        "seed": 5,
        "performance_measure": "g-mean"
}{
     "0": {
          "precision": 0.25,
          "recall": 0.05,
          "f1-score": 0.08333333333333334,
          "support": 20
     },
     "1": {
          "precision": 0.9030612244897959,
          "recall": 0.9833333333333333,
          "f1-score": 0.9414893617021276,
          "support": 180
     },
     "accuracy": 0.89,
     "macro avg": {
          "precision": 0.5765306122448979,
          "recall": 0.5166666666666666,
          "f1-score": 0.5124113475177304,
          "support": 200
     },
     "weighted avg": {
          "precision": 0.8377551020408163,
          "recall": 0.89,
          "f1-score": 0.8556737588652481,
          "support": 200
     }
}{
 "runtime": 29.434020597487688
}{
     "0": {
          "precision": 0.5,
          "recall": 0.05,
          "f1-score": 0.09090909090909091,
          "support": 20
     },
     "1": {
          "precision": 0.9040404040404041,
          "recall": 0.9944444444444445,
          "f1-score": 0.9470899470899472,
          "support": 180
     },
     "accuracy": 0.9,
     "macro avg": {
          "precision": 0.702020202020202,
          "recall": 0.5222222222222223,
          "f1-score": 0.518999518999519,
          "support": 200
     },
     "weighted avg": {
          "precision": 0.8636363636363638,
          "recall": 0.9,
          "f1-score": 0.8614718614718616,
          "support": 200
     }
}{
 "runtime": 28.93874995969236
}{
     "0": {
          "precision": 1.0,
          "recall": 0.05,
          "f1-score": 0.09523809523809523,
          "support": 20
     },
     "1": {
          "precision": 0.9045226130653267,
          "recall": 1.0,
          "f1-score": 0.949868073878628,
          "support": 180
     },
     "accuracy": 0.905,
     "macro avg": {
          "precision": 0.9522613065326633,
          "recall": 0.525,
          "f1-score": 0.5225530845583617,
          "support": 200
     },
     "weighted avg": {
          "precision": 0.914070351758794,
          "recall": 0.905,
          "f1-score": 0.8644050760145747,
          "support": 200
     }
}{
 "runtime": 29.124869970604777
}{
     "0": {
          "precision": 0.5,
          "recall": 0.1,
          "f1-score": 0.16666666666666669,
          "support": 20
     },
     "1": {
          "precision": 0.9081632653061225,
          "recall": 0.9888888888888889,
          "f1-score": 0.946808510638298,
          "support": 180
     },
     "accuracy": 0.9,
     "macro avg": {
          "precision": 0.7040816326530612,
          "recall": 0.5444444444444445,
          "f1-score": 0.5567375886524824,
          "support": 200
     },
     "weighted avg": {
          "precision": 0.8673469387755103,
          "recall": 0.9,
          "f1-score": 0.868794326241135,
          "support": 200
     }
}{
 "runtime": 31.198116214945912
}{
     "0": {
          "precision": 1.0,
          "recall": 0.1,
          "f1-score": 0.18181818181818182,
          "support": 20
     },
     "1": {
          "precision": 0.9090909090909091,
          "recall": 1.0,
          "f1-score": 0.9523809523809523,
          "support": 180
     },
     "accuracy": 0.91,
     "macro avg": {
          "precision": 0.9545454545454546,
          "recall": 0.55,
          "f1-score": 0.5670995670995671,
          "support": 200
     },
     "weighted avg": {
          "precision": 0.9181818181818181,
          "recall": 0.91,
          "f1-score": 0.8753246753246752,
          "support": 200
     }
}{
 "runtime": 32.4493490960449
}{
     "1": 0.35716476123305707,
     "2": 0.36055512754639896,
     "3": 0.3622499137335991,
     "4": 0.41231056256176607,
     "5": 0.4158124577258358
}{
 "overall_perf": 0.3816185645601314
}