	num_instances	performance
0	30	0.1434841313873572
1	80	0.20620782726045883
2	130	0.23481280196090482
3	180	0.26495575398014426
4	230	0.3428985876219919
5	280	0.3845311831740379
6	330	0.36931331488132146
7	380	0.4523030303030303
8	400	0.4527981820911727
