	num_instances	performance
0	100	0.3766872597299945
1	200	0.4680230940728234
2	300	0.5619592992331576
3	400	0.6076041965425423
4	500	0.6178310757807235
5	600	0.5925280019964649
6	700	0.592411942948617
7	800	0.5951770968153787
