{
        "word_embedding": "flair",
        "neural network": "rnn",
        "dataset": "../data/SST-2/tsv/500_90_10",
        "learning_rate": 0.1,
        "max epoch": 100,
        "mini batch size": 16,
        "seed": 5,
        "performance_measure": "f1"
}{
     "0": {
          "precision": 0.5,
          "recall": 0.1,
          "f1-score": 0.16666666666666669,
          "support": 10
     },
     "1": {
          "precision": 0.9081632653061225,
          "recall": 0.9888888888888889,
          "f1-score": 0.946808510638298,
          "support": 90
     },
     "accuracy": 0.9,
     "macro avg": {
          "precision": 0.7040816326530612,
          "recall": 0.5444444444444445,
          "f1-score": 0.5567375886524824,
          "support": 100
     },
     "weighted avg": {
          "precision": 0.8673469387755103,
          "recall": 0.9,
          "f1-score": 0.868794326241135,
          "support": 100
     }
}{
 "runtime": 38.79281473904848
}{
     "0": {
          "precision": 0.25,
          "recall": 0.1,
          "f1-score": 0.14285714285714288,
          "support": 10
     },
     "1": {
          "precision": 0.90625,
          "recall": 0.9666666666666667,
          "f1-score": 0.9354838709677419,
          "support": 90
     },
     "accuracy": 0.88,
     "macro avg": {
          "precision": 0.578125,
          "recall": 0.5333333333333333,
          "f1-score": 0.5391705069124424,
          "support": 100
     },
     "weighted avg": {
          "precision": 0.840625,
          "recall": 0.88,
          "f1-score": 0.856221198156682,
          "support": 100
     }
}{
 "runtime": 67.4722658963874
}{
     "0": {
          "precision": 0.6,
          "recall": 0.3,
          "f1-score": 0.4,
          "support": 10
     },
     "1": {
          "precision": 0.9263157894736842,
          "recall": 0.9777777777777777,
          "f1-score": 0.9513513513513514,
          "support": 90
     },
     "accuracy": 0.91,
     "macro avg": {
          "precision": 0.763157894736842,
          "recall": 0.6388888888888888,
          "f1-score": 0.6756756756756757,
          "support": 100
     },
     "weighted avg": {
          "precision": 0.8936842105263157,
          "recall": 0.91,
          "f1-score": 0.8962162162162163,
          "support": 100
     }
}{
 "runtime": 71.63200573809445
}{
     "0": {
          "precision": 0.0,
          "recall": 0.0,
          "f1-score": 0.0,
          "support": 10
     },
     "1": {
          "precision": 0.8969072164948454,
          "recall": 0.9666666666666667,
          "f1-score": 0.93048128342246,
          "support": 90
     },
     "accuracy": 0.87,
     "macro avg": {
          "precision": 0.4484536082474227,
          "recall": 0.48333333333333334,
          "f1-score": 0.46524064171123,
          "support": 100
     },
     "weighted avg": {
          "precision": 0.8072164948453608,
          "recall": 0.87,
          "f1-score": 0.837433155080214,
          "support": 100
     }
}{
 "runtime": 66.49330090451986
}{
     "0": {
          "precision": 0.0,
          "recall": 0.0,
          "f1-score": 0.0,
          "support": 10
     },
     "1": {
          "precision": 0.9,
          "recall": 1.0,
          "f1-score": 0.9473684210526316,
          "support": 90
     },
     "accuracy": 0.9,
     "macro avg": {
          "precision": 0.45,
          "recall": 0.5,
          "f1-score": 0.4736842105263158,
          "support": 100
     },
     "weighted avg": {
          "precision": 0.81,
          "recall": 0.9,
          "f1-score": 0.8526315789473685,
          "support": 100
     }
}{
 "runtime": 64.79991920944303
}{
     "1": 0.16666666666666669,
     "2": 0.14285714285714288,
     "3": 0.4,
     "4": 0.0,
     "5": 0.0
}{
 "overall_perf": 0.14190476190476192
}