	num_instances	performance
0	100	0.5783798155609984
1	200	0.638635014969781
2	300	0.6766246611081608
3	400	0.6734742884088768
4	500	0.67357769968526
5	600	0.7093578082643779
6	700	0.7026641842161427
7	800	0.7261883892813573
