	num_instances	performance
0	30	0.24200330124067082
1	70	0.30038221940660964
2	110	0.3935937746464062
3	150	0.4073197591321259
4	190	0.5304147465437788
5	230	0.5680404537145944
6	270	0.5339998907483412
7	310	0.5367126151921292
8	350	0.5764145144663015
9	390	0.5674419743114326
10	400	0.5855275161082784
