	num_instances	performance
0	100	0.7301625421605393
1	200	0.7627043278233898
2	300	0.7677776541122362
3	400	0.7808634109052915
4	500	0.7851807064627392
5	600	0.7867902517979967
6	700	0.7596964748218638
7	800	0.7549196504202834
