	num_instances	performance
0	100	0.6210968241370471
1	200	0.6846249971177893
2	300	0.710383166491946
3	400	0.7124418580496438
4	500	0.7225702204550658
5	600	0.7376068201941159
6	700	0.7404165928164279
7	800	0.7560421114163782
