	num_instances	performance
0	30	0.0
1	80	0.05934065934065934
2	130	0.06666666666666668
3	180	0.09790209790209789
4	230	0.13160173160173164
5	280	0.16456876456876457
6	330	0.1832034632034632
7	380	0.18361638361638363
8	400	0.18004495504495505
