{
        "word_embedding": "glove",
        "neural network": "rnn",
        "dataset": "../data/SST-2/tsv/2000_90_10",
        "learning_rate": 0.1,
        "max epoch": 100,
        "mini batch size": 16,
        "seed": 5,
        "performance_measure": "g-mean"
}{
     "0": {
          "precision": 0.8,
          "recall": 0.2,
          "f1-score": 0.32000000000000006,
          "support": 40
     },
     "1": {
          "precision": 0.9179487179487179,
          "recall": 0.9944444444444445,
          "f1-score": 0.9546666666666667,
          "support": 360
     },
     "accuracy": 0.915,
     "macro avg": {
          "precision": 0.858974358974359,
          "recall": 0.5972222222222222,
          "f1-score": 0.6373333333333333,
          "support": 400
     },
     "weighted avg": {
          "precision": 0.9061538461538461,
          "recall": 0.915,
          "f1-score": 0.8912,
          "support": 400
     }
}{
 "runtime": 97.452772250399
}{
     "0": {
          "precision": 0.7058823529411765,
          "recall": 0.3,
          "f1-score": 0.42105263157894735,
          "support": 40
     },
     "1": {
          "precision": 0.9268929503916449,
          "recall": 0.9861111111111112,
          "f1-score": 0.9555854643337819,
          "support": 360
     },
     "accuracy": 0.9175,
     "macro avg": {
          "precision": 0.8163876516664107,
          "recall": 0.6430555555555556,
          "f1-score": 0.6883190479563646,
          "support": 400
     },
     "weighted avg": {
          "precision": 0.904791890646598,
          "recall": 0.9175,
          "f1-score": 0.9021321810582985,
          "support": 400
     }
}{
 "runtime": 115.51366707496345
}{
     "0": {
          "precision": 0.8571428571428571,
          "recall": 0.3,
          "f1-score": 0.4444444444444444,
          "support": 40
     },
     "1": {
          "precision": 0.927461139896373,
          "recall": 0.9944444444444445,
          "f1-score": 0.9597855227882037,
          "support": 360
     },
     "accuracy": 0.925,
     "macro avg": {
          "precision": 0.892301998519615,
          "recall": 0.6472222222222223,
          "f1-score": 0.7021149836163241,
          "support": 400
     },
     "weighted avg": {
          "precision": 0.9204293116210214,
          "recall": 0.925,
          "f1-score": 0.9082514149538278,
          "support": 400
     }
}{
 "runtime": 104.01773544028401
}{
     "0": {
          "precision": 0.7692307692307693,
          "recall": 0.25,
          "f1-score": 0.37735849056603776,
          "support": 40
     },
     "1": {
          "precision": 0.9224806201550387,
          "recall": 0.9916666666666667,
          "f1-score": 0.9558232931726908,
          "support": 360
     },
     "accuracy": 0.9175,
     "macro avg": {
          "precision": 0.845855694692904,
          "recall": 0.6208333333333333,
          "f1-score": 0.6665908918693643,
          "support": 400
     },
     "weighted avg": {
          "precision": 0.9071556350626118,
          "recall": 0.9175,
          "f1-score": 0.8979768129120254,
          "support": 400
     }
}{
 "runtime": 97.27551390603185
}{
     "0": {
          "precision": 0.7692307692307693,
          "recall": 0.25,
          "f1-score": 0.37735849056603776,
          "support": 40
     },
     "1": {
          "precision": 0.9224806201550387,
          "recall": 0.9916666666666667,
          "f1-score": 0.9558232931726908,
          "support": 360
     },
     "accuracy": 0.9175,
     "macro avg": {
          "precision": 0.845855694692904,
          "recall": 0.6208333333333333,
          "f1-score": 0.6665908918693643,
          "support": 400
     },
     "weighted avg": {
          "precision": 0.9071556350626118,
          "recall": 0.9175,
          "f1-score": 0.8979768129120254,
          "support": 400
     }
}{
 "runtime": 105.8279576189816
}{
     "1": 0.5056596351961136,
     "2": 0.5815502510054007,
     "3": 0.5845819969098527,
     "4": 0.5453649389781733,
     "5": 0.5453649389781733
}{
 "overall_perf": 0.5525043522135427
}