	num_instances	performance
0	100	0.33619250291192604
1	200	0.32427233521487786
2	300	0.33696887189165503
3	400	0.36599749635816403
4	500	0.3880033736631883
5	600	0.4055455251398216
6	700	0.45189682412257814
7	800	0.4288318482822403
8	900	0.39324954675231794
9	1000	0.45491982466248065
10	1100	0.41564074668066703
11	1200	0.46497425915131363
12	1300	0.43329013409276695
13	1400	0.43676865092793926
14	1500	0.4376174338836627
15	1600	0.444643355081949
