	num_instances	performance
0	30	0.0
1	80	0.0
2	130	0.030769230769230764
3	180	0.03333333333333334
4	230	0.03636363636363636
5	280	0.03636363636363636
6	330	0.06713286713286712
7	380	0.09047619047619049
8	400	0.11826839826839826
