	num_instances	performance
0	100	0.6469917625395752
1	200	0.6730819707408094
2	300	0.683328373695929
3	400	0.7090184936834947
4	500	0.695355075267183
5	600	0.7225805887196659
6	700	0.7331532425478914
7	800	0.7288904077050267
