	num_instances	performance
0	30	0.8389918463839438
1	45	0.814822695035461
2	60	0.8202380952380952
3	75	0.822963284604622
4	90	0.8000354587153508
5	105	0.8146108940029914
6	120	0.8218082237950792
7	135	0.8184343434343434
8	150	0.8235507246376811
9	165	0.8445732838589981
10	180	0.8250221315641546
11	195	0.8485469744552943
12	210	0.8502484023912595
13	225	0.8454128266393598
14	240	0.8287991508660202
15	255	0.8041156462585034
