	num_instances	performance
0	100	0.3629214378013274
1	200	0.5024539003631803
2	300	0.6067321549092408
3	400	0.6393096595892771
4	500	0.6693600477488773
5	600	0.6275617227442035
6	700	0.6615682063628057
7	800	0.6276088966512876
