	num_instances	performance
0	100	0.30978331608005316
1	200	0.3686870764659552
2	300	0.401152450063457
3	400	0.456725110659381
4	500	0.46103450791298145
5	600	0.46406823273844955
6	700	0.4832526643611659
7	800	0.5032968819650174
