	num_instances	performance
0	30	0.914
1	50	0.908
2	70	0.914
3	90	0.914
4	110	0.922
5	130	0.93
6	150	0.924
7	170	0.9360000000000002
8	190	0.924
9	210	0.95
10	230	0.942
11	250	0.942
12	270	0.9400000000000001
13	290	0.9360000000000002
14	310	0.9380000000000001
15	330	0.932
16	350	0.93
17	370	0.9339999999999999
18	390	0.942
19	400	0.9360000000000002
