	num_instances	performance
0	30	0.6666666666666667
1	45	0.7151515151515151
2	60	0.7333333333333333
3	75	0.696969696969697
4	90	0.6418181818181818
5	105	0.6488888888888888
6	120	0.6307070707070708
7	135	0.5251515151515151
8	150	0.5363636363636364
9	165	0.498961038961039
10	180	0.47000000000000003
11	195	0.4771428571428572
12	210	0.39333333333333337
