{
    "num_instances": 347,
    "distribution": {
        "1": 278,
        "0": 69
    },
    "distribution_percentage": {
        "1": 80.11527377521614,
        "0": 19.88472622478386
    },
    "classes": [
        0,
        1
    ]
}