	num_instances	performance
0	100	0.34222371957955844
1	200	0.3964250472630372
2	300	0.445534210099087
3	400	0.46255599129168445
4	500	0.5033674361110834
5	600	0.44882076062290643
6	700	0.6197984689097396
7	800	0.5874873156682519
