	num_instances	performance
0	100	0.5652000781134238
1	200	0.5605732558273459
2	300	0.5910227436615678
3	400	0.5999486247079727
4	500	0.613001586969006
5	600	0.6229104722275904
6	700	0.6472890502243182
7	800	0.6281654763254274
