	num_instances	performance
0	100	0.33223953963343444
1	200	0.3930280713830339
2	300	0.383174744680555
3	400	0.38811700620067346
4	500	0.41625527835488774
5	600	0.4685535456261679
6	700	0.530518821976874
7	800	0.5150246447466339
