	num_instances	performance
0	100	0.7751428454805838
1	200	0.8368699870917655
2	300	0.9045760192728277
3	400	0.9169057403832648
4	500	0.9306793673833151
5	600	0.9366019465930107
6	700	0.9452517229948036
7	800	0.9479439697883201
