	num_instances	performance
0	100	0.6490190117106157
1	200	0.7207122175046174
2	300	0.7645746595398394
3	400	0.7520411437742315
4	500	0.7675323545071933
5	600	0.777493121152602
6	700	0.7727738982999346
7	800	0.7801503853795765
