	num_instances	performance
0	30	0.10909090909090909
1	70	0.22565790998970722
2	110	0.24786291709666322
3	150	0.2613610800204508
4	190	0.3080339363512389
5	230	0.3731477672654143
6	270	0.4284675642201097
7	310	0.3973117484273671
8	350	0.4153131030460223
9	390	0.40636553900842437
10	400	0.42911253543695305
