	num_instances	performance
0	100	0.5954350005229936
1	200	0.6782652867180634
2	300	0.7092754773713723
3	400	0.7232504067952068
4	500	0.734604321672182
5	600	0.7408438319806743
6	700	0.7478594234682071
7	800	0.7532726216633633
