	num_instances	performance
0	100	0.5884867981975782
1	200	0.6603385662230451
2	300	0.6612823400677804
3	400	0.6724087317807521
4	500	0.6823758689986487
5	600	0.7029629012999775
6	700	0.7048687572377939
7	800	0.7142942327171123
