{
         "word_embedding": "fasttext",
         "document_embedding": "RNN",
         "neural network": "rnn",
         "dataset": "../data/SST-2/tsv/1000_90_10",
         "learning_rate": 0.1,
         "max epoch": 100,
         "mini batch size": 16,
         "seed": 5,
         "performance_measure": "g-mean"
}{
     "0": {
          "precision": 0.7142857142857143,
          "recall": 0.25,
          "f1-score": 0.37037037037037035,
          "support": 20
     },
     "1": {
          "precision": 0.9222797927461139,
          "recall": 0.9888888888888889,
          "f1-score": 0.9544235924932977,
          "support": 180
     },
     "accuracy": 0.915,
     "macro avg": {
          "precision": 0.8182827535159141,
          "recall": 0.6194444444444445,
          "f1-score": 0.662396981431834,
          "support": 200
     },
     "weighted avg": {
          "precision": 0.901480384900074,
          "recall": 0.915,
          "f1-score": 0.896018270281005,
          "support": 200
     }
}{
 "runtime": 38.170526849105954
}{
     "0": {
          "precision": 0.5,
          "recall": 0.1,
          "f1-score": 0.16666666666666669,
          "support": 20
     },
     "1": {
          "precision": 0.9081632653061225,
          "recall": 0.9888888888888889,
          "f1-score": 0.946808510638298,
          "support": 180
     },
     "accuracy": 0.9,
     "macro avg": {
          "precision": 0.7040816326530612,
          "recall": 0.5444444444444445,
          "f1-score": 0.5567375886524824,
          "support": 200
     },
     "weighted avg": {
          "precision": 0.8673469387755103,
          "recall": 0.9,
          "f1-score": 0.868794326241135,
          "support": 200
     }
}{
 "runtime": 38.08127523586154
}{
     "0": {
          "precision": 0.8,
          "recall": 0.2,
          "f1-score": 0.32000000000000006,
          "support": 20
     },
     "1": {
          "precision": 0.9179487179487179,
          "recall": 0.9944444444444445,
          "f1-score": 0.9546666666666667,
          "support": 180
     },
     "accuracy": 0.915,
     "macro avg": {
          "precision": 0.858974358974359,
          "recall": 0.5972222222222222,
          "f1-score": 0.6373333333333333,
          "support": 200
     },
     "weighted avg": {
          "precision": 0.9061538461538461,
          "recall": 0.915,
          "f1-score": 0.8912,
          "support": 200
     }
}{
 "runtime": 38.24601714871824
}{
     "0": {
          "precision": 0.6666666666666666,
          "recall": 0.4,
          "f1-score": 0.5,
          "support": 20
     },
     "1": {
          "precision": 0.9361702127659575,
          "recall": 0.9777777777777777,
          "f1-score": 0.9565217391304347,
          "support": 180
     },
     "accuracy": 0.92,
     "macro avg": {
          "precision": 0.801418439716312,
          "recall": 0.6888888888888889,
          "f1-score": 0.7282608695652173,
          "support": 200
     },
     "weighted avg": {
          "precision": 0.9092198581560283,
          "recall": 0.92,
          "f1-score": 0.9108695652173913,
          "support": 200
     }
}{
 "runtime": 39.22184571251273
}{
     "0": {
          "precision": 0.5,
          "recall": 0.15,
          "f1-score": 0.23076923076923075,
          "support": 20
     },
     "1": {
          "precision": 0.9123711340206185,
          "recall": 0.9833333333333333,
          "f1-score": 0.946524064171123,
          "support": 180
     },
     "accuracy": 0.9,
     "macro avg": {
          "precision": 0.7061855670103092,
          "recall": 0.5666666666666667,
          "f1-score": 0.5886466474701769,
          "support": 200
     },
     "weighted avg": {
          "precision": 0.8711340206185567,
          "recall": 0.9,
          "f1-score": 0.8749485808309337,
          "support": 200
     }
}{
 "runtime": 39.26297361776233
}{
     "1": 0.5443880356265495,
     "2": 0.41231056256176607,
     "3": 0.5056596351961136,
     "4": 0.6489649879273577,
     "5": 0.458257569495584
}{
 "overall_perf": 0.5139161581614742
}{
 "overall_runtime": 38.59652771279216
}