	num_instances	performance
0	100	0.31044998274671987
1	200	0.31111664941338646
2	300	0.3114499827467198
3	400	0.3121166494133865
4	500	0.335612474291887
5	600	0.34639016646783344
6	700	0.3950567943081995
7	800	0.3620902306636119
