	num_instances	performance
0	100	0.7222654905078805
1	200	0.775739425518121
2	300	0.7996243668352719
3	400	0.8127353502089374
4	500	0.8189620280187567
5	600	0.8347262693949216
6	700	0.8223573468183032
7	800	0.8407319586187676
