	num_instances	performance
0	30	0.1460728193716511
1	60	0.27441612160482504
2	90	0.36869655261681844
3	120	0.42698290598290595
4	150	0.416847055803525
5	180	0.4492564669425391
6	210	0.49246387482742754
7	240	0.5153905215673176
8	270	0.5230988916107455
9	300	0.5232227261449938
10	330	0.5620109137350517
11	360	0.5593479273314446
12	390	0.5478686568275796
13	400	0.5748457186037548
