	num_instances	performance
0	100	0.3137366448903939
1	200	0.34557655488695377
2	300	0.3122805106665844
3	400	0.3114443588426131
4	500	0.319164991614216
5	600	0.3123333333333333
6	700	0.3182776921759465
7	800	0.33161497436093584
8	900	0.35820341699583047
9	1000	0.35907997656071666
10	1100	0.3594049338657622
11	1200	0.391424081988216
12	1300	0.40861335150319544
13	1400	0.40184466362969645
14	1500	0.481473718482177
15	1600	0.4205235006917662
