	num_instances	performance
0	100	0.558726845466099
1	200	0.6025941107857753
2	300	0.6061784216158791
3	400	0.6480083043956465
4	500	0.6450952668682358
5	600	0.672041343169416
6	700	0.6508836024992309
7	800	0.6332875034694022
