	num_instances	performance
0	100	0.6468535248165407
1	200	0.6807950909114433
2	300	0.7252019133237642
3	400	0.7268254736268905
4	500	0.7483552509868291
5	600	0.7491197220664446
6	700	0.7581478500745821
7	800	0.7480163528054034
