	num_instances	performance
0	100	0.588929988206228
1	200	0.6401961649344965
2	300	0.6698856778937947
3	400	0.6851911749461577
4	500	0.7049625017392523
5	600	0.717805671226976
6	700	0.7245207411318779
7	800	0.7491604508009577
