	num_instances	performance
0	100	0.5922096099988563
1	200	0.6255303661301942
2	300	0.653834445631946
3	400	0.6246696562035121
4	500	0.6821385688147998
5	600	0.6833169022283071
6	700	0.6665239060136849
7	800	0.7019742878785495
8	900	0.7028437426621553
9	1000	0.6945300950381723
10	1100	0.7138488344133744
11	1200	0.7198243144026774
12	1300	0.729009995697343
13	1400	0.7394560636631452
14	1500	0.7260506056475666
15	1600	0.7404208825384948
