	num_instances	performance
0	100	0.409466404086064
1	200	0.413615716919316
2	300	0.4698302422585371
3	400	0.528028276315483
4	500	0.510363827077631
5	600	0.507224784165804
6	700	0.531474933023896
7	800	0.504122397713713
