	num_instances	performance
0	100	0.6013107875414148
1	200	0.6283086896552937
2	300	0.6780705251092718
3	400	0.6980944275655133
4	500	0.6904137789908641
5	600	0.7130505248236607
6	700	0.7319352322832176
7	800	0.7195237968389
