{
        "word_embedding": "fasttext",
        "neural network": "rnn",
        "dataset": "../data/SST-2/tsv/1000_70_30",
        "learning_rate": 0.1,
        "max epoch": 100,
        "mini batch size": 16,
        "seed": 5,
        "performance_measure": "g-mean"
}{
     "0": {
          "precision": 0.6976744186046512,
          "recall": 0.5,
          "f1-score": 0.5825242718446603,
          "support": 60
     },
     "1": {
          "precision": 0.8089171974522293,
          "recall": 0.9071428571428571,
          "f1-score": 0.8552188552188553,
          "support": 140
     },
     "accuracy": 0.785,
     "macro avg": {
          "precision": 0.7532958080284402,
          "recall": 0.7035714285714285,
          "f1-score": 0.7188715635317577,
          "support": 200
     },
     "weighted avg": {
          "precision": 0.7755443637979559,
          "recall": 0.785,
          "f1-score": 0.7734104802065969,
          "support": 200
     }
}{
 "runtime": 33.97144474647939
}{
     "0": {
          "precision": 0.78,
          "recall": 0.65,
          "f1-score": 0.709090909090909,
          "support": 60
     },
     "1": {
          "precision": 0.86,
          "recall": 0.9214285714285714,
          "f1-score": 0.8896551724137931,
          "support": 140
     },
     "accuracy": 0.84,
     "macro avg": {
          "precision": 0.8200000000000001,
          "recall": 0.7857142857142857,
          "f1-score": 0.799373040752351,
          "support": 200
     },
     "weighted avg": {
          "precision": 0.836,
          "recall": 0.84,
          "f1-score": 0.8354858934169279,
          "support": 200
     }
}{
 "runtime": 35.53531996533275
}{
     "0": {
          "precision": 0.8636363636363636,
          "recall": 0.6333333333333333,
          "f1-score": 0.7307692307692307,
          "support": 60
     },
     "1": {
          "precision": 0.8589743589743589,
          "recall": 0.9571428571428572,
          "f1-score": 0.9054054054054054,
          "support": 140
     },
     "accuracy": 0.86,
     "macro avg": {
          "precision": 0.8613053613053613,
          "recall": 0.7952380952380953,
          "f1-score": 0.818087318087318,
          "support": 200
     },
     "weighted avg": {
          "precision": 0.8603729603729603,
          "recall": 0.86,
          "f1-score": 0.8530145530145531,
          "support": 200
     }
}{
 "runtime": 33.7641801610589
}{
     "0": {
          "precision": 0.8222222222222222,
          "recall": 0.6166666666666667,
          "f1-score": 0.7047619047619048,
          "support": 60
     },
     "1": {
          "precision": 0.8516129032258064,
          "recall": 0.9428571428571428,
          "f1-score": 0.8949152542372881,
          "support": 140
     },
     "accuracy": 0.845,
     "macro avg": {
          "precision": 0.8369175627240143,
          "recall": 0.7797619047619048,
          "f1-score": 0.7998385794995965,
          "support": 200
     },
     "weighted avg": {
          "precision": 0.8427956989247312,
          "recall": 0.845,
          "f1-score": 0.8378692493946731,
          "support": 200
     }
}{
 "runtime": 33.84041180089116
}{
     "0": {
          "precision": 0.7608695652173914,
          "recall": 0.5833333333333334,
          "f1-score": 0.6603773584905662,
          "support": 60
     },
     "1": {
          "precision": 0.8376623376623377,
          "recall": 0.9214285714285714,
          "f1-score": 0.8775510204081632,
          "support": 140
     },
     "accuracy": 0.82,
     "macro avg": {
          "precision": 0.7992659514398646,
          "recall": 0.7523809523809524,
          "f1-score": 0.7689641894493647,
          "support": 200
     },
     "weighted avg": {
          "precision": 0.8146245059288537,
          "recall": 0.82,
          "f1-score": 0.8123989218328842,
          "support": 200
     }
}{
 "runtime": 33.332002541050315
}{
     "1": 0.6988434322916277,
     "2": 0.7838367176906169,
     "3": 0.7925966968197153,
     "4": 0.7770280683782402,
     "5": 0.749336214195445
}{
 "overall_perf": 0.760328225875129
}