	num_instances	performance
0	30	0.5107883083684508
1	130	0.5506587246533396
2	230	0.589583649035526
3	330	0.6266274438329148
4	430	0.6341206710740309
5	530	0.6786072938584662
6	630	0.6816256894383652
7	730	0.7144998854914661
8	800	0.6864283538855573
