	num_instances	performance
0	100	0.5946815808367866
1	200	0.6547603265847934
2	300	0.6858102994194326
3	400	0.7057289674276113
4	500	0.7077936646051421
5	600	0.719709454256547
6	700	0.722408397090814
7	800	0.7367362467137271
