	num_instances	performance
0	30	0.1187878787878788
1	70	0.13956989247311827
2	110	0.20476494058177405
3	150	0.24565917608279614
4	190	0.33706581003478453
5	230	0.33363807311542504
6	270	0.41417561964330324
7	310	0.3976334185848252
8	350	0.4067106381115052
9	390	0.3804308390022676
10	400	0.46524909290866734
