	num_instances	performance
0	30	0.8
1	45	0.8571428571428571
2	60	0.8
3	75	0.8
4	90	0.8044444444444444
5	105	0.7818181818181819
6	120	0.808080808080808
7	135	0.808080808080808
8	150	0.808080808080808
9	165	0.808080808080808
10	180	0.7777777777777778
11	195	0.7515151515151515
12	210	0.7377777777777779
