	num_instances	performance
0	100	0.6194974963739535
1	200	0.7283352913413895
2	300	0.8075856427369276
3	400	0.805859977048984
4	500	0.8186852663313747
5	600	0.8303432997693486
6	700	0.8057725650127976
7	800	0.8142614965979824
