	num_instances	performance
0	100	0.6683553562356368
1	200	0.7031966754535209
2	300	0.720683239297234
3	400	0.7027766592670499
4	500	0.7275279400097492
5	600	0.7357542310508234
6	700	0.7327034364412656
7	800	0.7210743894821798
