	num_instances	performance
0	30	0.8178420090102145
1	45	0.8389109575375017
2	60	0.8009356725146197
3	75	0.778446527547189
4	90	0.7672603559271167
5	105	0.8124865678057167
6	120	0.803396859522221
7	135	0.7905297157622739
8	150	0.808946608946609
9	165	0.7953628117913831
10	180	0.7860727479397557
11	195	0.7750039525691699
12	210	0.7549252571466226
13	225	0.7612814773878603
14	240	0.7675633889919604
15	255	0.7679244673509243
