	num_instances	performance
0	30	0.5818181818181818
1	45	0.638961038961039
2	60	0.6618181818181819
3	75	0.6751515151515152
4	90	0.5333333333333333
5	105	0.5858585858585859
6	120	0.5504761904761905
7	135	0.5640404040404041
8	150	0.4929292929292929
9	165	0.5051515151515151
10	180	0.3933333333333333
11	195	0.5015151515151515
12	210	0.39333333333333337
