	num_instances	performance
0	100	0.679244641381082
1	200	0.6940058834578874
2	300	0.7213316968005818
3	400	0.7180405887816597
4	500	0.7298579913263964
5	600	0.7352947311754623
6	700	0.7508187986214663
7	800	0.7480826167712122
