	num_instances	performance
0	100	0.6425029014447275
1	200	0.6694447707872901
2	300	0.6890506715924121
3	400	0.7107110282368924
4	500	0.6817827275815854
5	600	0.7170793800240418
6	700	0.6979582638346885
7	800	0.7222332215154214
