	num_instances	performance
0	30	0.8
1	45	0.7454545454545455
2	60	0.7636363636363637
3	75	0.7418181818181818
4	90	0.7484848484848484
5	105	0.7174825174825175
6	120	0.7090909090909091
7	135	0.6751515151515152
8	150	0.6618181818181819
9	165	0.6618181818181819
10	180	0.7371428571428572
11	195	0.7062626262626263
12	210	0.7322943722943723
