	num_instances	performance
0	100	0.5131952046432783
1	200	0.5938709127904915
2	300	0.6340836446058278
3	400	0.6502857428059137
4	500	0.6679061955272427
5	600	0.6864341069789675
6	700	0.685580056650315
7	800	0.6984762233279235
