	num_instances	performance
0	30	0.13858906525573192
1	60	0.18081527884159465
2	90	0.293013653013653
3	120	0.3125926580429302
4	150	0.357627782295714
5	180	0.3949723320158103
6	210	0.5081632653061224
7	240	0.5245492843870125
8	270	0.5512884702263933
9	300	0.568903523933588
10	330	0.5538928833455612
11	360	0.5987501148791471
12	390	0.5365998798424707
13	400	0.5619453239792223
