	num_instances	performance
0	100	0.6698065110504756
1	200	0.6739649533370013
2	300	0.6799772183373207
3	400	0.691001032905904
4	500	0.7089846138665175
5	600	0.71287586680411
6	700	0.7206151532452556
7	800	0.7416694841651925
