	num_instances	performance
0	100	0.6180792323215153
1	200	0.7655021127845077
2	300	0.7702861353304626
3	400	0.7824266391602072
4	500	0.7991575412599045
5	600	0.8464952098677425
6	700	0.8333076085732518
7	800	0.82201771524479
