	num_instances	performance
0	30	0.0
1	80	0.0
2	130	0.03636363636363636
3	180	0.03333333333333334
4	230	0.03636363636363636
5	280	0.06713286713286712
6	330	0.03636363636363636
7	380	0.1482051282051282
8	400	0.21790209790209789
