	num_instances	performance
0	100	0.5857928944146313
1	200	0.5996246323834402
2	300	0.6426281917949134
3	400	0.6544495502830033
4	500	0.6738036035854146
5	600	0.6789551874502383
6	700	0.7050109265214132
7	800	0.7139045789562364
