	num_instances	performance
0	100	0.3546975509556443
1	200	0.37907953794355737
2	300	0.36038492273897516
3	400	0.41103998912823914
4	500	0.38088709752629535
5	600	0.4216684854465315
6	700	0.4625392924611974
7	800	0.3787178361100355
