	num_instances	performance
0	100	0.5936013804402009
1	200	0.7114202302570203
2	300	0.7635119361019752
3	400	0.7670623179788538
4	500	0.7975358846078624
5	600	0.8204625385353991
6	700	0.8293963549227129
7	800	0.828570557496994
