	num_instances	performance
0	100	0.6180801146470796
1	200	0.7615237149845226
2	300	0.8215564902978318
3	400	0.805046872532604
4	500	0.813926830274314
5	600	0.8437820043177853
6	700	0.8240582358127172
7	800	0.8341186292509285
