	num_instances	performance
0	100	0.31011102550927977
1	200	0.29933333333333334
2	300	0.3121166494133865
3	400	0.2996666666666667
4	500	0.324233298826773
5	600	0.387252496695324
6	700	0.43819803823603365
7	800	0.4657987910004346
