	num_instances	performance
0	30	0.1690281382572929
1	80	0.3152414585895892
2	130	0.5079569850007204
3	180	0.5214382975412387
4	230	0.5247461302046774
5	280	0.5593798694190824
6	330	0.6084711657107216
7	380	0.567435216144456
8	400	0.5636090084191617
