	num_instances	performance
0	30	0.7969868527120993
1	45	0.8084805665475262
2	60	0.8370294784580498
3	75	0.8354960981047939
4	90	0.8663043478260869
5	105	0.8301460096233615
6	120	0.8288325150027278
7	135	0.793911678383728
8	150	0.8182396606574762
9	165	0.8149275362318841
10	180	0.8102682701202589
11	195	0.7903318903318903
12	210	0.7834415584415584
13	225	0.8245862884160757
14	240	0.7929052915402763
15	255	0.826086956521739
