	num_instances	performance
0	100	0.5164280763485947
1	200	0.5648089104274725
2	300	0.5630167085721378
3	400	0.5773065251222151
4	500	0.5621797942226996
5	600	0.5938032410647919
6	700	0.5801995893543384
7	800	0.588722108060432
