	num_instances	performance
0	100	0.5051562843757383
1	200	0.5415896012448187
2	300	0.5648732917678673
3	400	0.5725699979392058
4	500	0.5669133576122821
5	600	0.5927032061249535
6	700	0.6065717763621419
7	800	0.6002688843431478
