	num_instances	performance
0	100	0.35108314734180507
1	200	0.41277521422862334
2	300	0.4540189960279582
3	400	0.45072216633273443
4	500	0.4690846182946234
5	600	0.49108145038491086
6	700	0.4820739489319209
7	800	0.495638828217755
