	num_instances	performance
0	100	0.3097833160800532
1	200	0.2986666666666667
2	300	0.2986666666666667
3	400	0.3356606805985559
4	500	0.3439236613563244
5	600	0.3463561890468209
6	700	0.35601818387719625
7	800	0.39488369739355433
