	num_instances	performance
0	100	0.5564843891507552
1	200	0.8074256682713432
2	300	0.9614111082392593
3	400	0.9728354490794631
4	500	0.9733876315558835
5	600	0.9744562184852292
6	700	0.9814294620846459
7	800	0.9776856288463952
