	num_instances	performance
0	100	0.3655865040422239
1	200	0.44608206915714677
2	300	0.4442349903658851
3	400	0.5168754966930786
4	500	0.5134195264005931
5	600	0.5678603496564032
6	700	0.5692382604933933
7	800	0.5659799692273361
