	num_instances	performance
0	30	0.22131868131868132
1	80	0.29909989543753496
2	130	0.5087029142403744
3	180	0.5131615925058548
4	230	0.5781829171982261
5	280	0.5590630334518452
6	330	0.5902305303449241
7	380	0.5704740824445992
8	400	0.593546611627107
