	num_instances	performance
0	100	0.5435115999382805
1	200	0.5632326911648049
2	300	0.6335428543804185
3	400	0.664916921636494
4	500	0.6814347738372354
5	600	0.6945555812704396
6	700	0.6785978994048573
7	800	0.7051712227510298
