	num_instances	performance
0	100	0.667766489610192
1	200	0.6824661090226234
2	300	0.6977364989847245
3	400	0.7057286313277623
4	500	0.7170893955164704
5	600	0.7325656900892537
6	700	0.7334050963672946
7	800	0.7393936425779668
