	num_instances	performance
0	30	0.8860000000000001
1	50	0.898
2	70	0.9
3	90	0.906
4	110	0.9020000000000001
5	130	0.9040000000000001
6	150	0.916
7	170	0.9120000000000001
8	190	0.8960000000000001
9	210	0.9019999999999999
10	230	0.906
11	250	0.914
12	270	0.9040000000000001
13	290	0.908
14	310	0.8940000000000001
15	330	0.8940000000000001
16	350	0.9020000000000001
17	370	0.9
18	390	0.9179999999999999
19	400	0.9019999999999999
