	num_instances	performance
0	100	0.6967138055826394
1	200	0.6948517890495541
2	300	0.746967758583171
3	400	0.7654353641885947
4	500	0.7399271102615577
5	600	0.754669038413511
6	700	0.7629265770785028
7	800	0.7674122455392166
