	num_instances	performance
0	100	0.532755131418992
1	200	0.543196477431823
2	300	0.5480787562941056
3	400	0.5659778285150876
4	500	0.5866029554405714
5	600	0.5838521452665388
6	700	0.5907111826130459
7	800	0.6664752797408926
