	num_instances	performance
0	30	0.20755070702979989
1	60	0.19681930972253553
2	90	0.24999198016079846
3	120	0.26660215202414694
4	150	0.24843537414965988
5	180	0.403074074074074
6	210	0.4491737891737893
7	240	0.530468209084516
8	270	0.5193225745411294
9	300	0.5389952594970766
10	330	0.5435730661548485
11	360	0.5472893772893773
12	390	0.5421357852680818
13	400	0.5723989140594624
