{
        "word_embedding": "glove",
        "neural network": "rnn",
        "dataset": "../data/SST-2/tsv/500_70_30",
        "learning_rate": 0.1,
        "max epoch": 100,
        "mini batch size": 16,
        "seed": 5,
        "performance_measure": "f1"
}{
     "0": {
          "precision": 0.7692307692307693,
          "recall": 0.3333333333333333,
          "f1-score": 0.4651162790697674,
          "support": 30
     },
     "1": {
          "precision": 0.7701149425287356,
          "recall": 0.9571428571428572,
          "f1-score": 0.8535031847133758,
          "support": 70
     },
     "accuracy": 0.77,
     "macro avg": {
          "precision": 0.7696728558797524,
          "recall": 0.6452380952380953,
          "f1-score": 0.6593097318915716,
          "support": 100
     },
     "weighted avg": {
          "precision": 0.7698496905393456,
          "recall": 0.77,
          "f1-score": 0.7369871130202934,
          "support": 100
     }
}{
 "runtime": 16.810180256143212
}{
     "0": {
          "precision": 0.5,
          "recall": 0.5,
          "f1-score": 0.5,
          "support": 30
     },
     "1": {
          "precision": 0.7857142857142857,
          "recall": 0.7857142857142857,
          "f1-score": 0.7857142857142857,
          "support": 70
     },
     "accuracy": 0.7,
     "macro avg": {
          "precision": 0.6428571428571428,
          "recall": 0.6428571428571428,
          "f1-score": 0.6428571428571428,
          "support": 100
     },
     "weighted avg": {
          "precision": 0.7,
          "recall": 0.7,
          "f1-score": 0.7,
          "support": 100
     }
}{
 "runtime": 16.818869907408953
}{
     "0": {
          "precision": 0.7083333333333334,
          "recall": 0.5666666666666667,
          "f1-score": 0.6296296296296297,
          "support": 30
     },
     "1": {
          "precision": 0.8289473684210527,
          "recall": 0.9,
          "f1-score": 0.8630136986301371,
          "support": 70
     },
     "accuracy": 0.8,
     "macro avg": {
          "precision": 0.7686403508771931,
          "recall": 0.7333333333333334,
          "f1-score": 0.7463216641298833,
          "support": 100
     },
     "weighted avg": {
          "precision": 0.7927631578947368,
          "recall": 0.8,
          "f1-score": 0.7929984779299849,
          "support": 100
     }
}{
 "runtime": 17.437318790704012
}{
     "0": {
          "precision": 0.6296296296296297,
          "recall": 0.5666666666666667,
          "f1-score": 0.5964912280701755,
          "support": 30
     },
     "1": {
          "precision": 0.821917808219178,
          "recall": 0.8571428571428571,
          "f1-score": 0.8391608391608392,
          "support": 70
     },
     "accuracy": 0.77,
     "macro avg": {
          "precision": 0.7257737189244038,
          "recall": 0.7119047619047618,
          "f1-score": 0.7178260336155073,
          "support": 100
     },
     "weighted avg": {
          "precision": 0.7642313546423135,
          "recall": 0.77,
          "f1-score": 0.76635995583364,
          "support": 100
     }
}{
 "runtime": 17.81966281309724
}{
     "0": {
          "precision": 0.6538461538461539,
          "recall": 0.5666666666666667,
          "f1-score": 0.6071428571428571,
          "support": 30
     },
     "1": {
          "precision": 0.8243243243243243,
          "recall": 0.8714285714285714,
          "f1-score": 0.8472222222222222,
          "support": 70
     },
     "accuracy": 0.78,
     "macro avg": {
          "precision": 0.7390852390852392,
          "recall": 0.719047619047619,
          "f1-score": 0.7271825396825397,
          "support": 100
     },
     "weighted avg": {
          "precision": 0.7731808731808733,
          "recall": 0.78,
          "f1-score": 0.7751984126984126,
          "support": 100
     }
}{
 "runtime": 18.024861415848136
}{
     "1": 0.4651162790697674,
     "2": 0.5,
     "3": 0.6296296296296297,
     "4": 0.5964912280701755,
     "5": 0.6071428571428571
}{
 "overall_perf": 0.559675998782486
}