	num_instances	performance
0	30	0.9099999999999999
1	50	0.9400000000000001
2	70	0.9359999999999999
3	90	0.916
4	110	0.9019999999999999
5	130	0.9039999999999999
6	150	0.9120000000000001
7	170	0.9
8	190	0.9039999999999999
9	210	0.9019999999999999
10	230	0.906
11	250	0.9
12	270	0.9099999999999999
13	290	0.898
14	310	0.898
15	330	0.9019999999999999
16	350	0.9019999999999999
17	370	0.9019999999999999
18	390	0.914
19	400	0.9099999999999999
