	num_instances	performance
0	100	0.4827225281651614
1	200	0.6417942951727036
2	300	0.6901892348950854
3	400	0.7422960369784575
4	500	0.7458583357918198
5	600	0.7571482674604705
6	700	0.757841537806742
7	800	0.767812096281291
