	num_instances	performance
0	30	0.5184814126134512
1	130	0.5601718016203932
2	230	0.6080149935455486
3	330	0.6588722531672306
4	430	0.6280618657678521
5	530	0.6446638877473143
6	630	0.6879394137870101
7	730	0.6750941056806049
8	800	0.7088455852949194
