	num_instances	performance
0	100	0.7611924048747
1	200	0.8460783213436697
2	300	0.9098933253461092
3	400	0.911686342031167
4	500	0.9453865370395329
5	600	0.941725805230526
6	700	0.9425403383573739
7	800	0.9525209702536115
