	num_instances	performance
0	100	0.5781523062937943
1	200	0.6422540254021751
2	300	0.6805707040723601
3	400	0.684862881166525
4	500	0.7039272597023158
5	600	0.7106988290059959
6	700	0.7153521858534624
7	800	0.7116524466325256
