{
        "word_embedding": "glove",
        "neural network": "rnn",
        "dataset": "../data/SST-2/tsv/500_70_30",
        "learning_rate": 0.1,
        "max epoch": 100,
        "mini batch size": 16,
        "seed": 5,
        "performance_measure": "f1"
}{
     "0": {
          "precision": 0.7619047619047619,
          "recall": 0.5333333333333333,
          "f1-score": 0.6274509803921569,
          "support": 30
     },
     "1": {
          "precision": 0.8227848101265823,
          "recall": 0.9285714285714286,
          "f1-score": 0.87248322147651,
          "support": 70
     },
     "accuracy": 0.81,
     "macro avg": {
          "precision": 0.792344786015672,
          "recall": 0.730952380952381,
          "f1-score": 0.7499671009343334,
          "support": 100
     },
     "weighted avg": {
          "precision": 0.8045207956600362,
          "recall": 0.81,
          "f1-score": 0.798973549151204,
          "support": 100
     }
}{
 "runtime": 16.948190135881305
}{
     "0": {
          "precision": 0.75,
          "recall": 0.4,
          "f1-score": 0.5217391304347827,
          "support": 30
     },
     "1": {
          "precision": 0.7857142857142857,
          "recall": 0.9428571428571428,
          "f1-score": 0.8571428571428571,
          "support": 70
     },
     "accuracy": 0.78,
     "macro avg": {
          "precision": 0.7678571428571428,
          "recall": 0.6714285714285715,
          "f1-score": 0.68944099378882,
          "support": 100
     },
     "weighted avg": {
          "precision": 0.775,
          "recall": 0.78,
          "f1-score": 0.7565217391304349,
          "support": 100
     }
}{
 "runtime": 17.304355482570827
}{
     "0": {
          "precision": 0.625,
          "recall": 0.6666666666666666,
          "f1-score": 0.6451612903225806,
          "support": 30
     },
     "1": {
          "precision": 0.8529411764705882,
          "recall": 0.8285714285714286,
          "f1-score": 0.8405797101449276,
          "support": 70
     },
     "accuracy": 0.78,
     "macro avg": {
          "precision": 0.7389705882352942,
          "recall": 0.7476190476190476,
          "f1-score": 0.7428705002337541,
          "support": 100
     },
     "weighted avg": {
          "precision": 0.7845588235294118,
          "recall": 0.78,
          "f1-score": 0.7819541841982235,
          "support": 100
     }
}{
 "runtime": 17.08212571311742
}{
     "0": {
          "precision": 0.68,
          "recall": 0.5666666666666667,
          "f1-score": 0.6181818181818183,
          "support": 30
     },
     "1": {
          "precision": 0.8266666666666667,
          "recall": 0.8857142857142857,
          "f1-score": 0.8551724137931035,
          "support": 70
     },
     "accuracy": 0.79,
     "macro avg": {
          "precision": 0.7533333333333334,
          "recall": 0.7261904761904762,
          "f1-score": 0.7366771159874609,
          "support": 100
     },
     "weighted avg": {
          "precision": 0.7826666666666666,
          "recall": 0.79,
          "f1-score": 0.784075235109718,
          "support": 100
     }
}{
 "runtime": 16.90827197302133
}{
     "0": {
          "precision": 0.5555555555555556,
          "recall": 0.5,
          "f1-score": 0.5263157894736842,
          "support": 30
     },
     "1": {
          "precision": 0.7945205479452054,
          "recall": 0.8285714285714286,
          "f1-score": 0.8111888111888111,
          "support": 70
     },
     "accuracy": 0.73,
     "macro avg": {
          "precision": 0.6750380517503805,
          "recall": 0.6642857142857144,
          "f1-score": 0.6687523003312477,
          "support": 100
     },
     "weighted avg": {
          "precision": 0.7228310502283105,
          "recall": 0.73,
          "f1-score": 0.725726904674273,
          "support": 100
     }
}{
 "runtime": 17.333129927515984
}{
     "1": 0.6274509803921569,
     "2": 0.5217391304347827,
     "3": 0.6451612903225806,
     "4": 0.6181818181818183,
     "5": 0.5263157894736842
}{
 "overall_perf": 0.5877698017610045
}