	num_instances	performance
0	30	0.5418181818181818
1	45	0.4418181818181818
2	60	0.42000000000000004
3	75	0.4751515151515152
4	90	0.4418181818181818
5	105	0.48380952380952386
6	120	0.4751515151515152
7	135	0.5371428571428571
8	150	0.5181818181818182
9	165	0.45714285714285713
10	180	0.5030303030303029
11	195	0.41969696969696973
12	210	0.2571428571428571
