	num_instances	performance
0	100	0.6544729836187256
1	200	0.6867948739415908
2	300	0.7017049626422981
3	400	0.7321046356394197
4	500	0.7162389643135624
5	600	0.7248815389701668
6	700	0.7349545141367463
7	800	0.723781182925563
