	num_instances	performance
0	100	0.671865949413854
1	200	0.6644026976181241
2	300	0.6948847220999036
3	400	0.7180998630788822
4	500	0.7287828623623618
5	600	0.7231693984558121
6	700	0.7468272545337171
7	800	0.7457721341702879
