	num_instances	performance
0	100	0.3678126776550674
1	200	0.3342791409585536
2	300	0.34739016646783344
3	400	0.35764154193033226
4	500	0.41664386005022613
5	600	0.4308626507864111
6	700	0.5052223863265094
7	800	0.49466235110586937
