	num_instances	performance
0	100	0.5274272656967985
1	200	0.5857653177829689
2	300	0.6715595342964729
3	400	0.697649136023004
4	500	0.7397110429221235
5	600	0.7506780695225874
6	700	0.7405009825865163
7	800	0.7506578168230844
