	num_instances	performance
0	100	0.6255415315165613
1	200	0.6986545374305974
2	300	0.7250066649911562
3	400	0.7389362163445445
4	500	0.7556404785515214
5	600	0.778673764455967
6	700	0.7911027611290532
7	800	0.7827233005035448
