	num_instances	performance
0	100	0.48577445420671717
1	200	0.46825610038494164
2	300	0.5508958882184579
3	400	0.5615208014814274
4	500	0.5292936382240067
5	600	0.6000335249779971
6	700	0.5979528394138585
7	800	0.6007453410657682
