	num_instances	performance
0	100	0.36606461191737616
1	200	0.4241315026418701
2	300	0.5104605948561262
3	400	0.5579156691666077
4	500	0.5651371094611652
5	600	0.5665491850972445
6	700	0.5636609359404702
7	800	0.5854142234397534
