	num_instances	performance
0	100	0.4258289286798248
1	200	0.48196324249007727
2	300	0.5148019489348947
3	400	0.5445322994023225
4	500	0.576077511274114
5	600	0.5713685035109942
6	700	0.5882692200249234
7	800	0.5919832139856489
