	num_instances	performance
0	30	0.10956112852664576
1	80	0.08995502248875564
2	130	0.09888517279821628
3	180	0.12867724867724867
4	230	0.14312169312169312
5	280	0.13263856960408688
6	330	0.2270423360466574
7	380	0.3213929588929589
8	400	0.3435305290969207
