	num_instances	performance
0	100	0.7174524949089868
1	200	0.7892725677565959
2	300	0.7852323300321481
3	400	0.8112993321547168
4	500	0.8320262455324832
5	600	0.841643384548718
6	700	0.8268871336562469
7	800	0.8341225123459652
