	num_instances	performance
0	100	0.6330632876882485
1	200	0.7115872318382676
2	300	0.7652950989236684
3	400	0.7679272716417918
4	500	0.7892919239488887
5	600	0.8251586764023464
6	700	0.805731871914108
7	800	0.800380536859995
