	num_instances	performance
0	100	0.6082759071040573
1	200	0.7057555411849392
2	300	0.746321839360758
3	400	0.7523960576897538
4	500	0.7650916385121576
5	600	0.7755135754733384
6	700	0.7590799550863212
7	800	0.7458283563560362
