	num_instances	performance
0	30	0.10661764705882353
1	60	0.13476476125494358
2	90	0.200518444666002
3	120	0.34855766035227653
4	150	0.35152812696417346
5	180	0.4701972920696325
6	210	0.4876711292929679
7	240	0.5133307651653698
8	270	0.5471346616494973
9	300	0.5566916007237024
10	330	0.5410805534334946
11	360	0.5729764065335753
12	390	0.5875772780651611
13	400	0.567675644028103
