	num_instances	performance
0	100	0.6009143618304456
1	200	0.6757741913630915
2	300	0.7276122040399042
3	400	0.7615283017278711
4	500	0.7437385212522021
5	600	0.7877142111891327
6	700	0.7688897847991389
7	800	0.755032212833498
