	num_instances	performance
0	100	0.6747213314126254
1	200	0.6983810234565778
2	300	0.7253204975899766
3	400	0.7341808074231205
4	500	0.7322418236948267
5	600	0.7479532572797414
6	700	0.7438071720969016
7	800	0.7391307700158238
