	num_instances	performance
0	100	0.6270111650628856
1	200	0.7040658916723179
2	300	0.7150311794535996
3	400	0.7519313782607784
4	500	0.777668158787743
5	600	0.7841221535611876
6	700	0.7828813424145669
7	800	0.7937684238516352
