	num_instances	performance
0	100	0.6636807463297794
1	200	0.754270331970616
2	300	0.7771262001199216
3	400	0.8084586400355469
4	500	0.8261622412848741
5	600	0.8355272385827075
6	700	0.8407793451776768
7	800	0.842395240216631
