	num_instances	performance
0	30	0.07076923076923078
1	80	0.03428571428571429
2	130	0.014285714285714287
3	180	0.04867724867724868
4	230	0.07875324675324677
5	280	0.1874122383252818
6	330	0.24625185625185625
7	380	0.27681054577606307
8	400	0.2655459770114942
