	num_instances	performance
0	30	0.9219999999999999
1	50	0.924
2	70	0.9339999999999999
3	90	0.9199999999999999
4	110	0.914
5	130	0.9179999999999999
6	150	0.9280000000000002
7	170	0.9280000000000002
8	190	0.924
9	210	0.9400000000000001
10	230	0.9280000000000002
11	250	0.9280000000000002
12	270	0.93
13	290	0.932
14	310	0.93
15	330	0.9339999999999999
16	350	0.932
17	370	0.9280000000000002
18	390	0.9359999999999999
19	400	0.9400000000000001
