	num_instances	performance
0	30	0.48709588625318584
1	130	0.5467328927260449
2	230	0.5820514430268131
3	330	0.6448434197639754
4	400	0.6508486027074535
