	num_instances	performance
0	100	0.3228829349933312
1	200	0.3757163142249993
2	300	0.36498260311754693
3	400	0.37532806621651366
4	500	0.40700952679649555
5	600	0.44662683538099046
6	700	0.4638714471922123
7	800	0.4845113627294942
