	num_instances	performance
0	100	0.6569909445132962
1	200	0.6969790074837545
2	300	0.7076429707890646
3	400	0.708468933112034
4	500	0.7165173815330336
5	600	0.7170840004339223
6	700	0.7158828808807345
7	800	0.7290759293873865
