	num_instances	performance
0	30	0.786015561015561
1	45	0.828141783029001
2	60	0.8215041529184207
3	75	0.8363903209252752
4	90	0.817496329548719
5	105	0.8482725085138094
6	120	0.8117501546072974
7	135	0.8025592442005817
8	150	0.8383338262841369
9	165	0.8088677368180474
10	180	0.7919559952782544
11	195	0.8128880643166358
12	210	0.8152156368822551
13	225	0.8065601617795753
14	240	0.7733224085401412
15	255	0.7750517525169396
