	num_instances	performance
0	30	0.8939999999999999
1	50	0.8940000000000001
2	70	0.916
3	90	0.906
4	110	0.908
5	130	0.9099999999999999
6	150	0.908
7	170	0.9039999999999999
8	190	0.9019999999999999
9	210	0.9
10	230	0.898
11	250	0.8939999999999999
12	270	0.8800000000000001
13	290	0.9019999999999999
14	310	0.8879999999999999
15	330	0.8879999999999999
16	350	0.9039999999999999
17	370	0.8859999999999999
18	390	0.898
19	400	0.906
