	num_instances	performance
0	30	0.1712982875348467
1	80	0.2573406938972977
2	130	0.27700551615445235
3	180	0.27566648121915377
4	230	0.2718140589569161
5	280	0.3420212064801535
6	330	0.3425392133986674
7	380	0.4566615334812423
8	400	0.41378249336870027
