	num_instances	performance
0	100	0.52004893779048
1	200	0.5716064327897479
2	300	0.5684334266687301
3	400	0.5941405530969124
4	500	0.633607352012293
5	600	0.6491449688884827
6	700	0.6369786666585423
7	800	0.6221271600562148
