	num_instances	performance
0	30	0.7779942121138013
1	45	0.7495751660347933
2	60	0.7584152423058198
3	75	0.7802293930214701
4	90	0.7699922063751852
5	105	0.7062506161885044
6	120	0.7037712180611735
7	135	0.7317099938958006
8	150	0.7048579522478582
9	165	0.7270793036750484
10	180	0.7251092604732645
11	195	0.727363916687691
12	210	0.7388962690172165
13	225	0.6946789285313046
14	240	0.7266610134648988
15	255	0.6798653662238199
