	num_instances	performance
0	100	0.6506685616260978
1	200	0.7340960047611589
2	300	0.7544879809521603
3	400	0.7486869547768198
4	500	0.7663985644948301
5	600	0.7645125578391407
6	700	0.7518205245220273
7	800	0.7483862005418439
