	num_instances	performance
0	100	0.6374215498514085
1	200	0.7111559607204794
2	300	0.7377270411692989
3	400	0.7739878258179342
4	500	0.7582392374522409
5	600	0.7448005911424245
6	700	0.7629004364754512
7	800	0.767819312982836
