{
        "word_embedding": "glove",
        "neural network": "rnn",
        "dataset": "../data/SST-2/tsv/500_90_10",
        "learning_rate": 0.1,
        "max epoch": 100,
        "mini batch size": 16,
        "seed": 5,
        "performance_measure": "f1"
}{
     "0": {
          "precision": 0.5,
          "recall": 0.4,
          "f1-score": 0.4444444444444445,
          "support": 10
     },
     "1": {
          "precision": 0.9347826086956522,
          "recall": 0.9555555555555556,
          "f1-score": 0.945054945054945,
          "support": 90
     },
     "accuracy": 0.9,
     "macro avg": {
          "precision": 0.7173913043478262,
          "recall": 0.6777777777777778,
          "f1-score": 0.6947496947496947,
          "support": 100
     },
     "weighted avg": {
          "precision": 0.891304347826087,
          "recall": 0.9,
          "f1-score": 0.8949938949938949,
          "support": 100
     }
}{
 "runtime": 20.36227922514081
}{
     "0": {
          "precision": 0.3333333333333333,
          "recall": 0.1,
          "f1-score": 0.15384615384615383,
          "support": 10
     },
     "1": {
          "precision": 0.9072164948453608,
          "recall": 0.9777777777777777,
          "f1-score": 0.9411764705882353,
          "support": 90
     },
     "accuracy": 0.89,
     "macro avg": {
          "precision": 0.6202749140893471,
          "recall": 0.5388888888888889,
          "f1-score": 0.5475113122171945,
          "support": 100
     },
     "weighted avg": {
          "precision": 0.8498281786941579,
          "recall": 0.89,
          "f1-score": 0.8624434389140271,
          "support": 100
     }
}{
 "runtime": 20.303007449023426
}{
     "0": {
          "precision": 0.5,
          "recall": 0.4,
          "f1-score": 0.4444444444444445,
          "support": 10
     },
     "1": {
          "precision": 0.9347826086956522,
          "recall": 0.9555555555555556,
          "f1-score": 0.945054945054945,
          "support": 90
     },
     "accuracy": 0.9,
     "macro avg": {
          "precision": 0.7173913043478262,
          "recall": 0.6777777777777778,
          "f1-score": 0.6947496947496947,
          "support": 100
     },
     "weighted avg": {
          "precision": 0.891304347826087,
          "recall": 0.9,
          "f1-score": 0.8949938949938949,
          "support": 100
     }
}{
 "runtime": 20.623438078910112
}{
     "0": {
          "precision": 0.2727272727272727,
          "recall": 0.3,
          "f1-score": 0.28571428571428564,
          "support": 10
     },
     "1": {
          "precision": 0.9213483146067416,
          "recall": 0.9111111111111111,
          "f1-score": 0.9162011173184358,
          "support": 90
     },
     "accuracy": 0.85,
     "macro avg": {
          "precision": 0.5970377936670072,
          "recall": 0.6055555555555555,
          "f1-score": 0.6009577015163607,
          "support": 100
     },
     "weighted avg": {
          "precision": 0.8564862104187948,
          "recall": 0.85,
          "f1-score": 0.8531524341580209,
          "support": 100
     }
}{
 "runtime": 20.796723375096917
}{
     "0": {
          "precision": 0.8,
          "recall": 0.4,
          "f1-score": 0.5333333333333333,
          "support": 10
     },
     "1": {
          "precision": 0.9368421052631579,
          "recall": 0.9888888888888889,
          "f1-score": 0.9621621621621621,
          "support": 90
     },
     "accuracy": 0.93,
     "macro avg": {
          "precision": 0.868421052631579,
          "recall": 0.6944444444444444,
          "f1-score": 0.7477477477477477,
          "support": 100
     },
     "weighted avg": {
          "precision": 0.9231578947368422,
          "recall": 0.93,
          "f1-score": 0.9192792792792791,
          "support": 100
     }
}{
 "runtime": 20.068686302751303
}{
     "1": 0.4444444444444445,
     "2": 0.15384615384615383,
     "3": 0.4444444444444445,
     "4": 0.28571428571428564,
     "5": 0.5333333333333333
}{
 "overall_perf": 0.3723565323565324
}