	num_instances	performance
0	30	0.1621039677252202
1	60	0.338680633720674
2	90	0.3438663536367984
3	120	0.42253999475478626
4	150	0.4233618608733816
5	180	0.4829890453687353
6	210	0.5115716494300886
7	240	0.5285559459145311
8	270	0.5462526602740382
9	300	0.535794747625256
10	330	0.5275039184952978
11	360	0.5379899073697497
12	390	0.5391891669724183
13	400	0.5519167702923463
