	num_instances	performance
0	100	0.639808119443861
1	200	0.6586956820898211
2	300	0.6852395957458499
3	400	0.723796243508201
4	500	0.7450579884626938
5	600	0.7536199699105194
6	700	0.750595345294858
7	800	0.775113232418179
