	num_instances	performance
0	30	0.8179574468085107
1	45	0.8062021971909331
2	60	0.8199202279202279
3	75	0.8205109599395314
4	90	0.8312727272727273
5	105	0.8325728404569375
6	120	0.8374572297003908
7	135	0.8328977880460361
8	150	0.8438172432093405
9	165	0.824142764291586
10	180	0.7853517269215246
11	195	0.8014589665653495
12	210	0.7911111111111111
13	225	0.7805400024884908
14	240	0.7695887699513972
15	255	0.7906171534293643
