{
        "word_embedding": "glove",
        "neural network": "rnn",
        "dataset": "../data/SST-2/tsv/5000_70_30",
        "learning_rate": 0.1,
        "max epoch": 100,
        "mini batch size": 16,
        "seed": 5,
        "performance_measure": "g-mean"
}{
     "0": {
          "precision": 0.7379310344827587,
          "recall": 0.7133333333333334,
          "f1-score": 0.7254237288135593,
          "support": 300
     },
     "1": {
          "precision": 0.8788732394366198,
          "recall": 0.8914285714285715,
          "f1-score": 0.8851063829787233,
          "support": 700
     },
     "accuracy": 0.838,
     "macro avg": {
          "precision": 0.8084021369596892,
          "recall": 0.8023809523809524,
          "f1-score": 0.8052650558961414,
          "support": 1000
     },
     "weighted avg": {
          "precision": 0.8365905779504613,
          "recall": 0.838,
          "f1-score": 0.8372015867291741,
          "support": 1000
     }
}{
 "runtime": 196.68106169626117
}{
     "0": {
          "precision": 0.6565096952908587,
          "recall": 0.79,
          "f1-score": 0.7170953101361573,
          "support": 300
     },
     "1": {
          "precision": 0.9014084507042254,
          "recall": 0.8228571428571428,
          "f1-score": 0.8603435399551904,
          "support": 700
     },
     "accuracy": 0.813,
     "macro avg": {
          "precision": 0.778959072997542,
          "recall": 0.8064285714285715,
          "f1-score": 0.7887194250456739,
          "support": 1000
     },
     "weighted avg": {
          "precision": 0.8279388240802155,
          "recall": 0.813,
          "f1-score": 0.8173690710094804,
          "support": 1000
     }
}{
 "runtime": 162.34998786076903
}{
     "0": {
          "precision": 0.7431906614785992,
          "recall": 0.6366666666666667,
          "f1-score": 0.6858168761220826,
          "support": 300
     },
     "1": {
          "precision": 0.8532974427994616,
          "recall": 0.9057142857142857,
          "f1-score": 0.8787248787248787,
          "support": 700
     },
     "accuracy": 0.825,
     "macro avg": {
          "precision": 0.7982440521390304,
          "recall": 0.7711904761904762,
          "f1-score": 0.7822708774234807,
          "support": 1000
     },
     "weighted avg": {
          "precision": 0.8202654084032028,
          "recall": 0.825,
          "f1-score": 0.8208524779440399,
          "support": 1000
     }
}{
 "runtime": 182.42041943594813
}{
     "0": {
          "precision": 0.6948640483383686,
          "recall": 0.7666666666666667,
          "f1-score": 0.7290015847860538,
          "support": 300
     },
     "1": {
          "precision": 0.8953662182361734,
          "recall": 0.8557142857142858,
          "f1-score": 0.8750913075237399,
          "support": 700
     },
     "accuracy": 0.829,
     "macro avg": {
          "precision": 0.795115133287271,
          "recall": 0.8111904761904762,
          "f1-score": 0.8020464461548968,
          "support": 1000
     },
     "weighted avg": {
          "precision": 0.835215567266832,
          "recall": 0.829,
          "f1-score": 0.831264390702434,
          "support": 1000
     }
}{
 "runtime": 170.85288404673338
}{
     "0": {
          "precision": 0.7471264367816092,
          "recall": 0.65,
          "f1-score": 0.6951871657754011,
          "support": 300
     },
     "1": {
          "precision": 0.857916102841678,
          "recall": 0.9057142857142857,
          "f1-score": 0.8811674774148714,
          "support": 700
     },
     "accuracy": 0.829,
     "macro avg": {
          "precision": 0.8025212698116435,
          "recall": 0.7778571428571428,
          "f1-score": 0.7881773215951362,
          "support": 1000
     },
     "weighted avg": {
          "precision": 0.8246792030236574,
          "recall": 0.829,
          "f1-score": 0.8253733839230304,
          "support": 1000
     }
}{
 "runtime": 172.47947200387716
}{
     "1": 0.8015899676209004,
     "2": 0.8064017963415366,
     "3": 0.7693109161543763,
     "4": 0.8109949503688723,
     "5": 0.7761740416022317
}{
 "overall_perf": 0.7928943344175834
}