	num_instances	performance
0	100	0.5348746844525176
1	200	0.6079250005065187
2	300	0.6367985691735929
3	400	0.7029740865593974
4	500	0.7172883889175661
5	600	0.734669976299091
6	700	0.7447499771885125
7	800	0.7482438440866264
