	num_instances	performance
0	100	0.34899189433063993
1	200	0.36663477491721574
2	300	0.3245666321601063
3	400	0.38968103335803156
4	500	0.48467405544407105
5	600	0.5869889478045495
6	700	0.6557979203319221
7	800	0.6282558016233463
