	num_instances	performance
0	100	0.6721106738908204
1	200	0.721041838413057
2	300	0.7190178835958122
3	400	0.7212491919697323
4	500	0.728059731519564
5	600	0.7378521531835961
6	700	0.7418689967897389
7	800	0.7379986534363476
