	num_instances	performance
0	30	0.022222222222222223
1	80	0.06666666666666668
2	130	0.0696969696969697
3	180	0.11868131868131868
4	230	0.12380952380952381
5	280	0.11493506493506493
6	330	0.14056531703590527
7	380	0.13743589743589743
8	400	0.12046620046620045
