	num_instances	performance
0	100	0.5564601437249364
1	200	0.5638406239343972
2	300	0.5678742196955676
3	400	0.5710187446484606
4	500	0.5932652069169413
5	600	0.6023088359449416
6	700	0.6258819784583011
7	800	0.6315042265428688
