	num_instances	performance
0	100	0.5220872765447548
1	200	0.5453113496162203
2	300	0.5459414463607274
3	400	0.561639117576646
4	500	0.5577047737583752
5	600	0.589702302397959
6	700	0.5861341632950456
7	800	0.5979253550200312
