	num_instances	performance
0	100	0.38096686639411936
1	200	0.42672306432719853
2	300	0.4422475674412264
3	400	0.49187701129779404
4	500	0.47583900185929195
5	600	0.5530800364193348
6	700	0.5944218494796447
7	800	0.5981753972828618
