	num_instances	performance
0	30	0.4751515151515152
1	45	0.4418181818181818
2	60	0.37714285714285717
3	75	0.4561038961038961
4	90	0.42943722943722945
5	105	0.4161038961038961
6	120	0.4161038961038961
7	135	0.42380952380952375
8	150	0.3742857142857143
9	165	0.36
10	180	0.36
11	195	0.3904761904761904
12	210	0.2642857142857143
