	num_instances	performance
0	100	0.46044925339491016
1	200	0.8558819214796805
2	300	0.9475098410940748
3	400	0.9781977116926786
4	500	0.9776342192600056
5	600	0.9776724746189277
6	700	0.9835493110350739
7	800	0.9803497864009497
