	num_instances	performance
0	100	0.537594020420159
1	200	0.5569266971124126
2	300	0.5998013955590487
3	400	0.6326581181395119
4	500	0.6478377478196234
5	600	0.6882273570796416
6	700	0.6913526174286946
7	800	0.7120679391230069
