	num_instances	performance
0	30	0.13464052287581701
1	70	0.2410722610722611
2	110	0.23025690260304774
3	150	0.3319995292335718
4	190	0.4351111111111111
5	230	0.5381907378112312
6	270	0.5271956777073056
7	310	0.5346404150396891
8	350	0.5520583140706934
9	390	0.566104149262044
10	400	0.5567436955157729
