	num_instances	performance
0	30	0.1297610152404673
1	70	0.2590034610335362
2	110	0.3699706124090138
3	150	0.28290967669118927
4	190	0.33787779596290235
5	230	0.3163907203907204
6	270	0.4022560554209444
7	310	0.44371552403467296
8	350	0.4114611314611315
9	390	0.4273796941758211
10	400	0.4442308473955617
