{
       "word_embedding": "glove",
       "neural network": "rnn",
       "dataset": "../data/SST-2/tsv/perc_70_30",
       "learning_rate": 0.1,
       "max epoch": 100,
       "mini batch size": 16,
       "seed": 5
}{
     "0": {
          "precision": 0.7777777777777778,
          "recall": 0.2916666666666667,
          "f1-score": 0.42424242424242425,
          "support": 24
     },
     "1": {
          "precision": 0.7605633802816901,
          "recall": 0.9642857142857143,
          "f1-score": 0.8503937007874015,
          "support": 56
     },
     "accuracy": 0.7625,
     "macro avg": {
          "precision": 0.769170579029734,
          "recall": 0.6279761904761905,
          "f1-score": 0.6373180625149129,
          "support": 80
     },
     "weighted avg": {
          "precision": 0.7657276995305164,
          "recall": 0.7625,
          "f1-score": 0.7225483178239083,
          "support": 80
     }
}{
 "runtime": 25.457351341843605
}{
     "0": {
          "precision": 0.6086956521739131,
          "recall": 0.5833333333333334,
          "f1-score": 0.5957446808510638,
          "support": 24
     },
     "1": {
          "precision": 0.8245614035087719,
          "recall": 0.8392857142857143,
          "f1-score": 0.8318584070796461,
          "support": 56
     },
     "accuracy": 0.7625,
     "macro avg": {
          "precision": 0.7166285278413425,
          "recall": 0.7113095238095238,
          "f1-score": 0.7138015439653549,
          "support": 80
     },
     "weighted avg": {
          "precision": 0.7598016781083142,
          "recall": 0.7625,
          "f1-score": 0.7610242892110713,
          "support": 80
     }
}{
 "runtime": 19.2775461897254
}{
     "0": {
          "precision": 0.8125,
          "recall": 0.5416666666666666,
          "f1-score": 0.65,
          "support": 24
     },
     "1": {
          "precision": 0.8253968253968254,
          "recall": 0.9454545454545454,
          "f1-score": 0.8813559322033897,
          "support": 55
     },
     "accuracy": 0.8227848101265823,
     "macro avg": {
          "precision": 0.8189484126984127,
          "recall": 0.743560606060606,
          "f1-score": 0.7656779661016948,
          "support": 79
     },
     "weighted avg": {
          "precision": 0.8214788024914607,
          "recall": 0.8227848101265823,
          "f1-score": 0.8110705857112206,
          "support": 79
     }
}{
 "runtime": 18.977271103300154
}{
     "0": {
          "precision": 0.7142857142857143,
          "recall": 0.625,
          "f1-score": 0.6666666666666666,
          "support": 24
     },
     "1": {
          "precision": 0.8448275862068966,
          "recall": 0.8909090909090909,
          "f1-score": 0.8672566371681416,
          "support": 55
     },
     "accuracy": 0.810126582278481,
     "macro avg": {
          "precision": 0.7795566502463054,
          "recall": 0.7579545454545454,
          "f1-score": 0.7669616519174041,
          "support": 79
     },
     "weighted avg": {
          "precision": 0.8051692960029931,
          "recall": 0.810126582278481,
          "f1-score": 0.8063179119525037,
          "support": 79
     }
}{
 "runtime": 17.42558530997485
}{
     "0": {
          "precision": 0.8,
          "recall": 0.5217391304347826,
          "f1-score": 0.6315789473684211,
          "support": 23
     },
     "1": {
          "precision": 0.828125,
          "recall": 0.9464285714285714,
          "f1-score": 0.8833333333333333,
          "support": 56
     },
     "accuracy": 0.8227848101265823,
     "macro avg": {
          "precision": 0.8140625,
          "recall": 0.7340838509316769,
          "f1-score": 0.7574561403508773,
          "support": 79
     },
     "weighted avg": {
          "precision": 0.8199367088607595,
          "recall": 0.8227848101265823,
          "f1-score": 0.8100377526093716,
          "support": 79
     }
}{
 "runtime": 30.658708771690726
}{
     "1": 0.42424242424242425,
     "2": 0.5957446808510638,
     "3": 0.65,
     "4": 0.6666666666666666,
     "5": 0.6315789473684211
}{
 "overall_perf": 0.5936465438257151
}