	num_instances	performance
0	30	0.16371610845295054
1	70	0.16345807345807345
2	110	0.2122616601102385
3	150	0.25843815731687586
4	190	0.23222815631550234
5	230	0.30013213267568667
6	270	0.32666217278957416
7	310	0.3696253292584274
8	350	0.3705564748421891
9	390	0.38286821705426355
10	400	0.3313394109396915
