	num_instances	performance
0	100	0.5110233283070069
1	200	0.5245652327890202
2	300	0.562837167695166
3	400	0.5874114007902606
4	500	0.6005587063527911
5	600	0.6211807581819138
6	700	0.6178076344620563
7	800	0.6466989864271948
