	num_instances	performance
0	30	0.08910135841170326
1	80	0.08869731800766284
2	130	0.2364839953075247
3	180	0.292973544973545
4	230	0.24484004884004884
5	280	0.25846911708980674
6	330	0.31060349295643414
7	380	0.3856359833104019
8	400	0.3676373613369803
