	num_instances	performance
0	100	0.5218215032197391
1	200	0.5571985482026277
2	300	0.5724765346361715
3	400	0.5792355637331881
4	500	0.5762342431762033
5	600	0.5984851445163801
6	700	0.5982752166192076
7	800	0.6164888913992411
