	num_instances	performance
0	30	0.7013252279635258
1	45	0.7288244143563294
2	60	0.7277948717948719
3	75	0.7096334600893871
4	90	0.7324796058080677
5	105	0.6924721377912867
6	120	0.7687981306390187
7	135	0.7297188625681541
8	150	0.7410087928311795
9	165	0.7277190469985502
10	180	0.7477334007414898
11	195	0.7003020187397626
12	210	0.7065180230397621
13	225	0.7405555555555556
14	240	0.7029946524064171
15	255	0.6964222388971277
