	num_instances	performance
0	100	0.5154661173779239
1	200	0.581971995712522
2	300	0.5621317526072251
3	400	0.5932270639568533
4	500	0.6099281247599244
5	600	0.6342940553541412
6	700	0.6235128158957937
7	800	0.6425169547474694
