	num_instances	performance
0	30	0.526344593542547
1	80	0.549813707250343
2	130	0.5988886745068112
3	180	0.5975675546482235
4	230	0.6133924937923677
5	280	0.6173258963577113
6	330	0.628239935223309
7	380	0.6394915008395841
8	430	0.648594471123779
9	480	0.6450948567704782
10	530	0.6618294500176833
11	580	0.6693959000513505
12	630	0.6705415415093461
13	680	0.6935661458050838
14	730	0.7016475653505608
15	780	0.6855002362307518
16	800	0.7026245714484258
