	num_instances	performance
0	100	0.5611405492290753
1	200	0.6335005452348834
2	300	0.6851597334246845
3	400	0.6915707562071403
4	500	0.69304776185583
5	600	0.7160095212764861
6	700	0.7391394108625597
7	800	0.6971275287281006
