	num_instances	performance
0	100	0.5925548353125872
1	200	0.5170634314530134
2	300	0.6145843201219016
3	400	0.6264521799622318
4	500	0.6667194614396266
5	600	0.6662812583137081
6	700	0.6956831439769398
7	800	0.7310253454031799
