	num_instances	performance
0	100	0.6000126211747923
1	200	0.6614361876078354
2	300	0.7022417362129069
3	400	0.7283840436596642
4	500	0.7422307846629166
5	600	0.7470577078125279
6	700	0.7525329373649774
7	800	0.7498752838256564
