	num_instances	performance
0	100	0.5438992201150477
1	200	0.552228387750896
2	300	0.5881775167532807
3	400	0.5809775500859095
4	500	0.5979926412815403
5	600	0.6195723859052874
6	700	0.6301401182174099
7	800	0.6391215224728343
