	num_instances	performance
0	100	0.6465839114548462
1	200	0.6961813915745804
2	300	0.7097955655645192
3	400	0.7580720470378436
4	500	0.761713408395407
5	600	0.758611354876028
6	700	0.7759191950425918
7	800	0.7765172977528398
