	num_instances	performance
0	100	0.6706750714856681
1	200	0.7111293092496045
2	300	0.7387335366629232
3	400	0.7487019890942652
4	500	0.7485656182247087
5	600	0.744901579815663
6	700	0.7480531606667473
7	800	0.7430688526327415
