	num_instances	performance
0	100	0.29833333333333334
1	200	0.3224958248785005
2	300	0.32354403118516945
3	400	0.3235610082559996
4	500	0.309105348925918
5	600	0.3395086203235962
6	700	0.353160800306456
7	800	0.3969750296200984
