	num_instances	performance
0	30	0.8492712508993729
1	45	0.8576565490839485
2	60	0.8565044050407048
3	75	0.8783668206160608
4	90	0.8630886576290029
5	105	0.8553297148646694
6	120	0.8559603671255737
7	135	0.8584583715282804
8	150	0.8426496727995341
9	165	0.8621380807642206
10	180	0.8722063656806782
11	195	0.8543476468099449
12	210	0.85465466650877
13	225	0.8684548257786002
14	240	0.8213476493111752
15	255	0.828571260758389
