	num_instances	performance
0	100	0.6364215767090106
1	200	0.683819185398934
2	300	0.7241620569415292
3	400	0.754772647249564
4	500	0.7533899425809859
5	600	0.7728306371303986
6	700	0.7791773433808947
7	800	0.7855706407083952
