	num_instances	performance
0	100	0.6172309435424768
1	200	0.6659356988298067
2	300	0.701763387283201
3	400	0.6960284961213065
4	500	0.743791076422122
5	600	0.7522814891469942
6	700	0.7418936618990918
7	800	0.7631273585859002
