	num_instances	performance
0	100	0.5047238247572391
1	200	0.5125799103863429
2	300	0.5652482024077766
3	400	0.5721750721501754
4	500	0.579275958052407
5	600	0.6114100203413824
6	700	0.5877614379599158
7	800	0.6288893687080135
