	num_instances	performance
0	100	0.6265605128879039
1	200	0.6392140462457959
2	300	0.6675452283362199
3	400	0.6768336267382687
4	500	0.6897583295758396
5	600	0.696679317489845
6	700	0.688010965139951
7	800	0.7146095625656887
8	900	0.7241523299072481
9	1000	0.7193187540098473
10	1100	0.7242139349302521
11	1200	0.7287355091374809
12	1300	0.7293105831645701
13	1400	0.7276533985315327
14	1500	0.7209428797536401
15	1600	0.7260284869927466
