	num_instances	performance
0	100	0.6505518380710649
1	200	0.7207709264291212
2	300	0.7428837861973555
3	400	0.7564201640093291
4	500	0.7715290023457746
5	600	0.759713525414064
6	700	0.7775648241680508
7	800	0.7700180062693903
