	num_instances	performance
0	100	0.5416952340643502
1	200	0.5547170381985366
2	300	0.5799037557558305
3	400	0.6073961526328314
4	500	0.606820611658175
5	600	0.6335906031193732
6	700	0.640329818379545
7	800	0.6540013077246798
