	num_instances	performance
0	100	0.5202001041454556
1	200	0.5143560575826202
2	300	0.5136437125015998
3	400	0.49730294737586245
4	500	0.5088660379190204
5	600	0.5222761940995274
6	700	0.5183294908213437
7	800	0.5377660444993578
