	num_instances	performance
0	100	0.519142636167994
1	200	0.5137151269236988
2	300	0.5148978049903985
3	400	0.5249751454785474
4	500	0.5435120901443181
5	600	0.5687481281064903
6	700	0.5393352794962512
7	800	0.6336967411163902
