	num_instances	performance
0	30	0.015384615384615385
1	80	0.03636363636363636
2	130	0.03636363636363636
3	180	0.03636363636363636
4	230	0.07272727272727272
5	280	0.10303030303030303
6	330	0.13636363636363638
7	380	0.16410256410256413
8	400	0.21469696969696975
