	num_instances	performance
0	100	0.4125691728990833
1	200	0.3966798637837568
2	300	0.4883675626545937
3	400	0.5623392388285625
4	500	0.6160765247870361
5	600	0.5699938394580153
6	700	0.5543003066873698
7	800	0.5944267077145798
