	num_instances	performance
0	30	0.8
1	45	0.8571428571428571
2	60	0.8
3	75	0.8571428571428571
4	90	0.8571428571428571
5	105	0.8571428571428571
6	120	0.8207792207792208
7	135	0.8207792207792208
8	150	0.8207792207792208
9	165	0.8207792207792208
10	180	0.8207792207792208
11	195	0.8207792207792208
12	210	0.7541125541125541
