	num_instances	performance
0	30	0.0
1	70	0.05333333333333333
2	110	0.05333333333333333
3	150	0.09230769230769229
4	190	0.0696969696969697
5	230	0.028571428571428574
6	270	0.030769230769230764
7	310	0.16493506493506493
8	350	0.09790209790209789
9	390	0.09743589743589745
10	400	0.106951871657754
