	num_instances	performance
0	30	0.3302054154995332
1	45	0.2823881673881674
2	60	0.33577380952380953
3	75	0.45138888888888895
4	90	0.4798412698412699
5	105	0.48571428571428565
6	120	0.4998809523809523
7	135	0.4787698412698413
8	150	0.4192460317460317
9	165	0.48424603174603176
10	180	0.4874206349206349
11	195	0.47055555555555556
12	210	0.4723412698412698
13	225	0.4651334776334776
14	240	0.46103174603174607
15	255	0.45777777777777784
