{
        "word_embedding": "glove",
        "neural network": "rnn",
        "dataset": "../data/SST-2/tsv/original",
        "learning_rate": 0.1,
        "max epoch": 100,
        "mini batch size": 32,
        "seed": 5,
        "performance_measure": "accuracy"
}{
     "0": {
          "precision": 0.8935261255340124,
          "recall": 0.9130288784419073,
          "f1-score": 0.9031722305264905,
          "support": 5956
     },
     "1": {
          "precision": 0.9298483206933911,
          "recall": 0.9137609795049242,
          "f1-score": 0.9217344610014766,
          "support": 7514
     },
     "accuracy": 0.9134372680029695,
     "macro avg": {
          "precision": 0.9116872231137018,
          "recall": 0.9133949289734158,
          "f1-score": 0.9124533457639836,
          "support": 13470
     },
     "weighted avg": {
          "precision": 0.9137878162858738,
          "recall": 0.9134372680029695,
          "f1-score": 0.9135268407558182,
          "support": 13470
     }
}{
 "runtime": 1846.1357326172292
}{
     "0": {
          "precision": 0.9087621239519974,
          "recall": 0.9281396910678308,
          "f1-score": 0.9183487000581444,
          "support": 5956
     },
     "1": {
          "precision": 0.942060376336808,
          "recall": 0.9261378759648656,
          "f1-score": 0.9340312730689216,
          "support": 7514
     },
     "accuracy": 0.9270230141054194,
     "macro avg": {
          "precision": 0.9254112501444027,
          "recall": 0.9271387835163483,
          "f1-score": 0.926189986563533,
          "support": 13470
     },
     "weighted avg": {
          "precision": 0.9273369619935315,
          "recall": 0.9270230141054194,
          "f1-score": 0.9270969445721,
          "support": 13470
     }
}{
 "runtime": 1472.6003227494657
}{
     "0": {
          "precision": 0.9269820339541783,
          "recall": 0.9442578912021491,
          "f1-score": 0.935540214588705,
          "support": 5956
     },
     "1": {
          "precision": 0.9551533162231528,
          "recall": 0.9410433856800638,
          "f1-score": 0.9480458537239391,
          "support": 7514
     },
     "accuracy": 0.9424647364513734,
     "macro avg": {
          "precision": 0.9410676750886655,
          "recall": 0.9426506384411064,
          "f1-score": 0.9417930341563221,
          "support": 13470
     },
     "weighted avg": {
          "precision": 0.9426968828754163,
          "recall": 0.9424647364513734,
          "f1-score": 0.9425162630268749,
          "support": 13470
     }
}{
 "runtime": 1388.4153500963002
}{
     "0": {
          "precision": 0.9356822336712648,
          "recall": 0.945265278710544,
          "f1-score": 0.9404493443581392,
          "support": 5956
     },
     "1": {
          "precision": 0.9562592244733664,
          "recall": 0.9484961405376631,
          "f1-score": 0.952361862764749,
          "support": 7514
     },
     "accuracy": 0.9470675575352635,
     "macro avg": {
          "precision": 0.9459707290723156,
          "recall": 0.9468807096241035,
          "f1-score": 0.9464056035614441,
          "support": 13470
     },
     "weighted avg": {
          "precision": 0.9471607421261268,
          "recall": 0.9470675575352635,
          "f1-score": 0.9470945309436823,
          "support": 13470
     }
}{
 "runtime": 1108.0295746168122
}{
     "0": {
          "precision": 0.9373333333333334,
          "recall": 0.9442578912021491,
          "f1-score": 0.9407828705252592,
          "support": 5956
     },
     "1": {
          "precision": 0.9555496050341411,
          "recall": 0.9499534140822574,
          "f1-score": 0.9527432919503404,
          "support": 7513
     },
     "accuracy": 0.9474348503972084,
     "macro avg": {
          "precision": 0.9464414691837373,
          "recall": 0.9471056526422033,
          "f1-score": 0.9467630812377998,
          "support": 13469
     },
     "weighted avg": {
          "precision": 0.9474943585978791,
          "recall": 0.9474348503972084,
          "f1-score": 0.9474543863146002,
          "support": 13469
     }
}{
 "runtime": 1216.271476149559
}{
     "1": 0.9134372680029695,
     "2": 0.9270230141054194,
     "3": 0.9424647364513734,
     "4": 0.9470675575352635,
     "5": 0.9474348503972084
}{
 "overall_perf": 0.9354854852984469
}