	num_instances	performance
0	30	0.5074415662073555
1	130	0.60099527955697
2	230	0.6172643354902305
3	330	0.6651529179999125
4	400	0.6661328603177614
