	num_instances	performance
0	100	0.32389434158933295
1	200	0.3225553843518929
2	300	0.33292339710247165
3	400	0.3356664098611727
4	500	0.3684022570354485
5	600	0.41032276042905097
6	700	0.4214145075096881
7	800	0.46571450664235725
