	num_instances	performance
0	100	0.5809772440066776
1	200	0.6229176008632394
2	300	0.6701923836906064
3	400	0.685614453539376
4	500	0.6961804344279666
5	600	0.7080252646321176
6	700	0.7269949713658805
7	800	0.7264112773931349
