	num_instances	performance
0	30	0.18403672181634073
1	60	0.24000819000819
2	90	0.36632208371338804
3	120	0.43770065593321406
4	150	0.43556200284889035
5	180	0.4524423427907748
6	210	0.5287486384054769
7	240	0.5337770444921079
8	270	0.5356943251680094
9	300	0.539176425719029
10	330	0.5600534693968295
11	360	0.5819985433769613
12	390	0.6089538709877693
13	400	0.5685825218279579
