	num_instances	performance
0	100	0.6100532116700782
1	200	0.6265895165144277
2	300	0.6940148623897351
3	400	0.696804668734129
4	500	0.7288679582394848
5	600	0.7387570844641529
6	700	0.7423453830931411
7	800	0.7533311851983883
