	num_instances	performance
0	100	0.4890152113870617
1	200	0.46193163314492197
2	300	0.5063725863463139
3	400	0.5047100953146206
4	500	0.5267416500273402
5	600	0.5606617521449729
6	700	0.5641033558804797
7	800	0.5621312314803285
