	num_instances	performance
0	30	0.3091450216450216
1	45	0.5970959595959596
2	60	0.6236868686868687
3	75	0.6077164502164502
4	90	0.6020815295815296
5	105	0.6411075036075036
6	120	0.6300974025974027
7	135	0.6182720057720058
8	150	0.591010101010101
9	165	0.5579545454545454
10	180	0.5819624819624819
11	195	0.5372222222222222
12	210	0.544083694083694
13	225	0.5698593073593073
14	240	0.5706529581529581
15	255	0.5966450216450216
