	num_instances	performance
0	30	0.0761904761904762
1	70	0.1405639335530477
2	110	0.18391641156856134
3	150	0.2370476835720738
4	190	0.3366709732988803
5	230	0.361984143439669
6	270	0.41270588235294114
7	310	0.4371712195850127
8	350	0.39009181470923243
9	390	0.44463019250253294
10	400	0.4282820194055971
