	num_instances	performance
0	100	0.48066226391848865
1	200	0.4807016942088289
2	300	0.5508405749048622
3	400	0.5294543901106196
4	500	0.5382378181691065
5	600	0.593418232120132
6	700	0.5814320623017133
7	800	0.6242811285056787
