	num_instances	performance
0	100	0.6604316353938002
1	200	0.7047160746729286
2	300	0.7137854802052418
3	400	0.7341036749231807
4	500	0.7342442701698075
5	600	0.7417164215294486
6	700	0.7410466258151287
7	800	0.7463861876858284
