	num_instances	performance
0	30	0.5674735767395578
1	45	0.7321314640716085
2	60	0.7336742918202963
3	75	0.7304656879408977
4	90	0.7368073256932233
5	105	0.7069524473605328
6	120	0.7214008598543304
7	135	0.7305169923719975
8	150	0.7157184969732644
9	165	0.6908806858311054
10	180	0.7188085604021276
11	195	0.7022419055504486
12	210	0.7136461272168186
13	225	0.7276513881906038
14	240	0.7458542685193872
15	255	0.7317215876617097
